,id,PreferenceOrder,CategoryName,AdmissionPlanCount,CollegeName,CollegeCode,AdmissionRatio,LowestScoreAdmissionRatio,LowestAdmissionScore,ExpectedApplicantsCount,RegisteredApplicantsCount,Shortfall_Count,AdmissionRegulationsURL,CollegeProvince,CollegeCity,CollegeLevel,ranking
0,870,本科二批第一次,文科,2,甘肃民族师范学院,J52,1:1,460,460,2,2,0,https://gaokao.chsi.com.cn/zsgs/zhangcheng/listZszc--schId-855.dhtml,甘肃省,甘南藏族自治州,,7762
1,928,本科二批第一次,文科,1,湖北文理学院理工学院（独立学院）,G45,1:1,385,385,1,2,0,https://gaokao.chsi.com.cn/zsgs/zhangcheng/listZszc--schId-1612.dhtml,湖北省,武汉市,,17842
2,1028,本科二批第一次,文科,1,首都师范大学科德学院（独立学院）,C22,1:1,415,415,1,1,0,https://gaokao.chsi.com.cn/zsgs/zhangcheng/listZszc--schId-1872.dhtml,北京市,北京市,,13636
3,1066,本科二批第一次,文科,2,南华大学船山学院（独立学院）,B89,1:1,393,393,2,2,0,https://gaokao.chsi.com.cn/zsgs/zhangcheng/listZszc--schId-1157.dhtml,湖南省,衡阳市,,16696
4,1099,本科二批第一次,文科,4,唐山学院,314,1:1,457,457,4,4,0,https://gaokao.chsi.com.cn/zsgs/zhangcheng/listZszc--schId-688.dhtml,河北省,唐山市,,8107
5,1101,本科二批第一次,文科,3,攀枝花学院,B55,1:1,449,449,3,3,0,https://gaokao.chsi.com.cn/zsgs/zhangcheng/listZszc--schId-787.dhtml,四川省,攀枝花市,,9154
6,1124,本科二批第一次,文科,6,辽宁何氏医学院（民办）,E17,1:1,420,420,6,7,0,https://gaokao.chsi.com.cn/zsgs/zhangcheng/listZszc--schId-1855.dhtml,辽宁省,沈阳市,,12972
7,1132,本科二批第一次,文科,2,安康学院,G23,1:1,429,429,2,2,0,https://gaokao.chsi.com.cn/zsgs/zhangcheng/listZszc--schId-794.dhtml,陕西省,安康市,,11719
8,1185,本科二批第一次,文科,2,滇西应用技术大学,N58,1:1,407,407,2,3,0,https://gaokao.chsi.com.cn/zsgs/zhangcheng/listZszc--schId-2229066336.dhtml,云南省,大理白族自治州,,14756
9,1239,本科二批第一次,文科,1,上海海关学院,354,1:1,496,496,1,24,0,https://gaokao.chsi.com.cn/zsgs/zhangcheng/listZszc--schId-215.dhtml,上海市,上海市,,4144
10,1266,本科二批第一次,文科,16,辽宁中医药大学杏林学院（独立学院）,D28,1:1,432,432,16,16,0,https://gaokao.chsi.com.cn/zsgs/zhangcheng/listZszc--schId-1854.dhtml,辽宁省,沈阳市,,10697
11,1380,本科二批第一次,文科,4,信阳学院（民办）,F38,1:1,386,386,4,5,0,https://gaokao.chsi.com.cn/zsgs/zhangcheng/listZszc--schId-1776.dhtml,河南省,信阳市,,10697
12,1408,本科二批第一次,文科,6,西南财经大学天府学院（独立学院）,E55,1:1,416,416,6,6,0,https://gaokao.chsi.com.cn/zsgs/zhangcheng/listZszc--schId-5397737.dhtml,四川省,成都市,,12136
13,1483,本科二批第一次,文科,2,长沙理工大学城南学院（独立学院）,350,1:1,397,397,2,2,0,https://gaokao.chsi.com.cn/zsgs/zhangcheng/listZszc--schId-1877.dhtml,湖南省,长沙市,,16180
14,1510,本科二批第一次,文科,7,南京审计大学金审学院（独立学院）,698,1:1,449,449,7,7,0,https://gaokao.chsi.com.cn/zsgs/zhangcheng/listZszc--schId-7143569.dhtml,江苏省,南京市,,9154
15,1524,本科二批第一次,文科,2,广西民族大学,LM6,1:1,429,429,2,2,0,https://gaokao.chsi.com.cn/zsgs/zhangcheng/listZszc--schId-467.dhtml,广西壮族自治区,南宁市,,11719
16,1539,本科二批第一次,文科,6,湖北经济学院法商学院（独立学院）,N42,1:1,415,415,6,6,0,https://gaokao.chsi.com.cn/zsgs/zhangcheng/listZszc--schId-1607.dhtml,湖北省,武汉市,,13636
17,1548,本科二批第一次,文科,5,枣庄学院,175,1:1,458,458,5,6,0,https://gaokao.chsi.com.cn/zsgs/zhangcheng/listZszc--schId-663.dhtml,山东省,枣庄市,,7998
18,1580,本科二批第一次,文科,4,郑州升达经贸管理学院（民办）,J66,1:1,396,396,4,4,0,https://gaokao.chsi.com.cn/zsgs/zhangcheng/listZszc--schId-205277833.dhtml,河南省,郑州市,,14492
19,1610,本科二批第一次,文科,3,南京特殊教育师范学院,917,1:1.05,448,387,4,6,0,https://gaokao.chsi.com.cn/zsgs/zhangcheng/listZszc--schId-956.dhtml,江苏省,南京市,,9267
20,1612,本科二批第一次,文科,2,南昌医学院,A67,1:1,482,482,2,3,0,https://gaokao.chsi.com.cn/zsgs/zhangcheng/listZszc--schId-1750.dhtml,江西省,南昌市,,5380
21,1621,本科二批第一次,文科,3,武汉纺织大学外经贸学院（独立学院）,N41,1:1,403,403,3,3,0,https://gaokao.chsi.com.cn/zsgs/zhangcheng/listZszc--schId-1596.dhtml,湖北省,武汉市,,14357
22,1630,本科二批第一次,文科,3,重庆工商大学,045,1:1,466,466,3,3,0,https://gaokao.chsi.com.cn/zsgs/zhangcheng/listZszc--schId-912.dhtml,重庆市,重庆市,,7074
23,1661,本科二批第一次,文科,2,上海财经大学浙江学院（独立学院）,H96,1:1,433,433,2,2,0,https://gaokao.chsi.com.cn/zsgs/zhangcheng/listZszc--schId-18692290.dhtml,浙江省,绍兴市,,11191
24,1662,本科二批第一次,文科,4,河北中医药大学,K40,1:1,479,479,4,5,0,https://gaokao.chsi.com.cn/zsgs/zhangcheng/listZszc--schId-582797523.dhtml,河北省,石家庄市,,5673
25,1705,本科二批第一次,文科,5,聊城大学东昌学院（独立学院）,705,1:1,398,398,5,5,0,https://gaokao.chsi.com.cn/zsgs/zhangcheng/listZszc--schId-1246448.dhtml,山东省,聊城市,,16011
26,1724,本科二批第一次,文科,4,大连交通大学,L64,1:1,468,468,4,4,0,https://gaokao.chsi.com.cn/zsgs/zhangcheng/listZszc--schId-126.dhtml,辽宁省,大连市,,6832
27,1759,本科二批第一次,文科,7,黄河科技学院（民办）,395,1:1,389,389,7,8,0,https://gaokao.chsi.com.cn/zsgs/zhangcheng/listZszc--schId-933.dhtml,河南省,郑州市,,17250
28,1805,本科二批第一次,文科,28,天津商业大学宝德学院（独立学院）,704,1:1,383,383,28,30,0,https://gaokao.chsi.com.cn/zsgs/zhangcheng/listZszc--schId-1901.dhtml,天津市,天津市,,12726
29,1826,本科二批第一次,文科,2,鞍山师范学院,469,1:1,464,464,2,2,0,https://gaokao.chsi.com.cn/zsgs/zhangcheng/listZszc--schId-142.dhtml,辽宁省,鞍山市,,7292
30,1843,本科二批第一次,文科,30,辽宁传媒学院（民办）,D88,1:1,386,386,30,32,0,https://gaokao.chsi.com.cn/zsgs/zhangcheng/listZszc--schId-1242675.dhtml,辽宁省,沈阳市,,16961
31,1858,本科二批第一次,文科,5,济宁学院,G11,1:1,430,430,5,5,0,https://gaokao.chsi.com.cn/zsgs/zhangcheng/listZszc--schId-356.dhtml,山东省,济宁市,,11586
32,1864,本科二批第一次,文科,2,重庆师范大学,109,1:1,495,495,2,6,0,https://gaokao.chsi.com.cn/zsgs/zhangcheng/listZszc--schId-491.dhtml,重庆市,重庆市,,4212
33,1879,本科二批第一次,文科,2,河北东方学院（民办）,G98,1:1,403,403,2,2,0,https://gaokao.chsi.com.cn/zsgs/zhangcheng/listZszc--schId-18670467.dhtml,河北省,唐山市,,14212
34,1895,本科二批第一次,文科,3,海南师范大学,L88,1:1,404,404,3,3,0,https://gaokao.chsi.com.cn/zsgs/zhangcheng/listZszc--schId-883.dhtml,海南省,海口市,,15184
35,1911,本科二批第一次,文科,8,中国矿业大学徐海学院（独立学院）,C05,1:1,389,389,8,9,0,https://gaokao.chsi.com.cn/zsgs/zhangcheng/listZszc--schId-1828.dhtml,江苏省,徐州市,,15184
36,1991,本科二批第二次,文科,3,广东金融学院,208,1:1,456,456,3,4,0,https://gaokao.chsi.com.cn/zsgs/zhangcheng/listZszc--schId-844.dhtml,广东省,广州市,,8255
37,1999,本科二批第一次,文科,4,长江大学文理学院（独立学院）,C16,1:1,432,432,4,4,0,https://gaokao.chsi.com.cn/zsgs/zhangcheng/listZszc--schId-1602.dhtml,湖北省,荆州市,,11329
38,2008,本科二批第一次,文科,5,哈尔滨剑桥学院（民办）,D81,1:1,395,395,5,5,0,https://gaokao.chsi.com.cn/zsgs/zhangcheng/listZszc--schId-1647.dhtml,黑龙江省,哈尔滨市,,16438
39,2033,本科二批第一次,文科,5,黄冈师范学院,690,1:1,471,471,5,5,0,https://gaokao.chsi.com.cn/zsgs/zhangcheng/listZszc--schId-398.dhtml,湖北省,黄冈市,,6497
40,2035,本科二批第一次,文科,4,河南财政金融学院,N30,1:1,408,408,4,4,0,https://gaokao.chsi.com.cn/zsgs/zhangcheng/listZszc--schId-879.dhtml,河南省,郑州市,,7411
41,2098,本科二批第一次,文科,2,西安工商学院（民办）,D37,1:1,414,414,2,2,0,https://gaokao.chsi.com.cn/zsgs/zhangcheng/listZszc--schId-1923.dhtml,陕西省,西安市,,13783
42,2104,本科二批第一次,文科,4,黑龙江中医药大学,879,1:1,467,467,4,6,0,https://gaokao.chsi.com.cn/zsgs/zhangcheng/listZszc--schId-185.dhtml,黑龙江省,哈尔滨市,,6953
43,2123,本科二批第一次,文科,5,邢台学院,456,1:1,450,450,5,5,0,https://gaokao.chsi.com.cn/zsgs/zhangcheng/listZszc--schId-88.dhtml,河北省,邢台市,,9034
44,2147,本科二批第三次,文科,20,北京第二外国语学院中瑞酒店管理学院（独立学院）,F89,1:1.05,379,379,21,8,13,https://gaokao.chsi.com.cn/zsgs/zhangcheng/listZszc--schId-15323559.dhtml,北京市,北京市,,18670
45,2170,本科二批第一次,文科,6,无锡太湖学院（民办）,H51,1:1,390,390,6,7,0,https://gaokao.chsi.com.cn/zsgs/zhangcheng/listZszc--schId-1821.dhtml,江苏省,无锡市,,13928
46,2187,本科二批第一次,文科,5,运城学院,459,1:1,432,432,5,6,0,https://gaokao.chsi.com.cn/zsgs/zhangcheng/listZszc--schId-104.dhtml,山西省,运城市,,11329
47,2209,本科二批第一次,文科,7,北京工商大学嘉华学院（独立学院）,C23,1:1,379,379,7,4,3,https://gaokao.chsi.com.cn/zsgs/zhangcheng/listZszc--schId-1873.dhtml,北京市,北京市,,16011
48,2232,本科二批第一次,文科,10,中原工学院,214,1:1,420,420,10,11,0,https://gaokao.chsi.com.cn/zsgs/zhangcheng/listZszc--schId-366.dhtml,河南省,郑州市,,12726
49,2245,本科二批第一次,文科,3,青岛农业大学海都学院（独立学院）,F65,1:1,384,384,3,4,0,https://gaokao.chsi.com.cn/zsgs/zhangcheng/listZszc--schId-442446.dhtml,山东省,青岛市,,17992
50,2260,本科二批第一次,文科,6,西安明德理工学院（民办）,585,1:1,388,388,6,6,0,https://gaokao.chsi.com.cn/zsgs/zhangcheng/listZszc--schId-485204.dhtml,陕西省,西安市,,13376
51,2271,本科二批第一次,文科,3,商洛学院,532,1:1,409,409,3,5,0,https://gaokao.chsi.com.cn/zsgs/zhangcheng/listZszc--schId-793.dhtml,陕西省,商洛市,,9776
52,2308,本科二批第一次,文科,4,玉溪师范学院,340,1:1,435,435,4,5,0,https://gaokao.chsi.com.cn/zsgs/zhangcheng/listZszc--schId-788.dhtml,云南省,玉溪市,,10940
53,2362,本科二批第一次,文科,5,沈阳体育学院,336,1:1,442,442,5,5,0,https://gaokao.chsi.com.cn/zsgs/zhangcheng/listZszc--schId-147.dhtml,辽宁省,沈阳市,,10023
54,2367,本科二批第一次,文科,5,湖北大学知行学院（独立学院）,C07,1:1,382,382,5,5,0,https://gaokao.chsi.com.cn/zsgs/zhangcheng/listZszc--schId-1590.dhtml,湖北省,武汉市,,11719
55,2373,本科二批第一次,文科,8,河北北方学院,467,1:1,449,449,8,11,0,https://gaokao.chsi.com.cn/zsgs/zhangcheng/listZszc--schId-78.dhtml,河北省,张家口市,,9154
56,2375,本科二批第一次,文科,5,内江师范学院,547,1:1.2,440,381,6,8,0,https://gaokao.chsi.com.cn/zsgs/zhangcheng/listZszc--schId-494.dhtml,四川省,内江市,,10303
57,2414,本科二批第一次,文科,20,吉林体育学院,835,1:1,409,409,20,21,0,https://gaokao.chsi.com.cn/zsgs/zhangcheng/listZszc--schId-171.dhtml,吉林省,长春市,,14492
58,2426,本科二批第一次,文科,9,哈尔滨远东理工学院（民办）,A47,1:1,396,396,9,9,0,https://gaokao.chsi.com.cn/zsgs/zhangcheng/listZszc--schId-1645.dhtml,黑龙江省,哈尔滨市,,15715
59,2443,本科二批第一次,文科,2,陇东学院,193,1:1,456,456,2,2,0,https://gaokao.chsi.com.cn/zsgs/zhangcheng/listZszc--schId-578.dhtml,甘肃省,庆阳市,,8255
60,2451,本科二批第一次,文科,3,南宁学院（民办）,P27,1:1,382,382,3,5,0,,广西壮族自治区,南宁市,,18266
61,2459,本科二批第二次,文科,6,郑州商学院（民办）,E11,1:1,379,379,6,5,1,https://gaokao.chsi.com.cn/zsgs/zhangcheng/listZszc--schId-1131282.dhtml,河南省,郑州市,,18670
62,2461,本科二批第一次,文科,7,新乡学院,091,1:1,428,428,7,7,0,https://gaokao.chsi.com.cn/zsgs/zhangcheng/listZszc--schId-715.dhtml,河南省,新乡市,,11868
63,2462,本科二批第一次,文科,22,吉林警察学院,196,1:1,466,466,22,24,0,https://gaokao.chsi.com.cn/zsgs/zhangcheng/listZszc--schId-812.dhtml,吉林省,长春市,,7074
64,2465,本科二批第一次,文科,3,萍乡学院,582,1:1,455,455,3,3,0,https://gaokao.chsi.com.cn/zsgs/zhangcheng/listZszc--schId-662.dhtml,江西省,萍乡市,,8398
65,2488,本科二批第一次,文科,20,内蒙古工业大学,L05,1:1,450,450,20,23,0,https://gaokao.chsi.com.cn/zsgs/zhangcheng/listZszc--schId-109.dhtml,内蒙古自治区,呼和浩特市,,9034
66,2494,本科二批第一次,文科,2,昆明医科大学海源学院（独立学院）,A23,1:1,415,415,2,2,0,https://gaokao.chsi.com.cn/zsgs/zhangcheng/listZszc--schId-1667.dhtml,云南省,昆明市,,13636
67,2513,本科二批第一次,文科,5,普洱学院,M49,1:1,435,435,5,6,0,https://gaokao.chsi.com.cn/zsgs/zhangcheng/listZszc--schId-534.dhtml,云南省,普洱市,,10940
68,2531,本科二批第一次,文科,80,辽宁财贸学院（民办）,H15,1:1,382,382,80,80,0,https://gaokao.chsi.com.cn/zsgs/zhangcheng/listZszc--schId-396816.dhtml,辽宁省,沈阳市,,15875
69,2554,本科二批第一次,文科,4,楚雄师范学院,M04,1:1,392,392,4,4,0,https://gaokao.chsi.com.cn/zsgs/zhangcheng/listZszc--schId-789.dhtml,云南省,楚雄彝族自治州,,10427
70,2556,本科二批第一次,文科,19,广州应用科技学院（民办）,D34,1:1,381,381,19,21,0,https://gaokao.chsi.com.cn/zsgs/zhangcheng/listZszc--schId-1898.dhtml,广东省,广州市,,18406
71,2581,本科二批第一次,文科,9,湖南理工学院,423,1:1,445,445,9,9,0,https://gaokao.chsi.com.cn/zsgs/zhangcheng/listZszc--schId-418.dhtml,湖南省,岳阳市,,9650
72,2585,本科二批第一次,文科,130,辽宁对外经贸学院（民办）,808,1:1,381,381,130,146,0,https://gaokao.chsi.com.cn/zsgs/zhangcheng/listZszc--schId-627.dhtml,辽宁省,大连市,,18406
73,2618,本科二批第一次,文科,9,上海商学院,A59,1:1,456,456,9,9,0,https://gaokao.chsi.com.cn/zsgs/zhangcheng/listZszc--schId-958.dhtml,上海市,上海市,,8255
74,2620,本科二批第一次,文科,4,成都东软学院（民办）,H18,1:1,392,392,4,4,0,https://gaokao.chsi.com.cn/zsgs/zhangcheng/listZszc--schId-1145.dhtml,四川省,成都市,,14913
75,2652,本科二批第一次,文科,6,青岛电影学院（民办）,J21,1:1,382,382,6,6,0,https://gaokao.chsi.com.cn/zsgs/zhangcheng/listZszc--schId-170451763.dhtml,山东省,青岛市,,18266
76,2667,本科二批第一次,文科,120,内蒙古科技大学包头医学院,759,1:1.2,385,381,144,151,0,https://gaokao.chsi.com.cn/zsgs/zhangcheng/listZszc--schId-6426412.dhtml,内蒙古自治区,包头市,,14212
77,2685,本科二批第一次,文科,8,闽江学院,A58,1:1,442,442,8,8,0,https://gaokao.chsi.com.cn/zsgs/zhangcheng/listZszc--schId-308.dhtml,福建省,福州市,,8634
78,2701,本科二批第一次,文科,4,天津理工大学中环信息学院（独立学院）,D70,1:1,387,387,4,4,0,https://gaokao.chsi.com.cn/zsgs/zhangcheng/listZszc--schId-404954.dhtml,天津市,天津市,,17548
79,2712,本科二批第一次,文科,6,河南中医药大学,595,1:1,427,427,6,7,0,https://gaokao.chsi.com.cn/zsgs/zhangcheng/listZszc--schId-370.dhtml,河南省,郑州市,,12009
80,2724,本科二批第一次,文科,8,山西师范大学,712,1:1,457,457,8,8,0,https://gaokao.chsi.com.cn/zsgs/zhangcheng/listZszc--schId-99.dhtml,山西省,太原市,,8107
81,2734,本科二批第一次,文科,5,德州学院,161,1:1,410,410,5,5,0,https://gaokao.chsi.com.cn/zsgs/zhangcheng/listZszc--schId-351.dhtml,山东省,德州市,,14357
82,2800,本科二批第一次,文科,4,闽南理工学院（民办）,342,1:1,382,382,4,5,0,https://gaokao.chsi.com.cn/zsgs/zhangcheng/listZszc--schId-1193.dhtml,福建省,泉州市,,17548
83,2815,本科二批第一次,文科,8,湖北恩施学院（民办）,F31,1:1,409,409,8,9,0,https://gaokao.chsi.com.cn/zsgs/zhangcheng/listZszc--schId-1606.dhtml,湖北省,恩施土家族苗族自治州,,14492
84,2822,本科二批第一次,文科,3,四川大学锦江学院（独立学院）,E56,1:1,405,405,3,3,0,https://gaokao.chsi.com.cn/zsgs/zhangcheng/listZszc--schId-667208.dhtml,四川省,成都市,,12726
85,2826,本科二批第一次,文科,4,营口理工学院,K01,1:1,399,399,4,5,0,https://gaokao.chsi.com.cn/zsgs/zhangcheng/listZszc--schId-587235178.dhtml,辽宁省,营口市,,15875
86,2830,本科二批第一次,文科,8,福州外语外贸学院（民办）,H57,1:1,380,380,8,11,0,https://gaokao.chsi.com.cn/zsgs/zhangcheng/listZszc--schId-2001.dhtml,福建省,福州市,,16011
87,2840,本科二批第二次,文科,6,江西财经大学现代经济管理学院（独立学院）,487,1:1,390,390,6,6,0,https://gaokao.chsi.com.cn/zsgs/zhangcheng/listZszc--schId-1754.dhtml,江西省,南昌市,,17106
88,2882,本科二批第一次,文科,1,大庆师范学院,884,1:1,423,423,1,1,0,https://gaokao.chsi.com.cn/zsgs/zhangcheng/listZszc--schId-191.dhtml,黑龙江省,大庆市,,12567
89,2886,本科二批第一次,文科,9,河北科技学院（民办）,371,1:1,389,389,9,10,0,https://gaokao.chsi.com.cn/zsgs/zhangcheng/listZszc--schId-1710.dhtml,河北省,石家庄市,,16011
90,2891,本科二批第一次,文科,8,兰州工商学院（民办）,F39,1:1,381,381,8,8,0,https://gaokao.chsi.com.cn/zsgs/zhangcheng/listZszc--schId-1783.dhtml,甘肃省,兰州市,,16180
91,2905,本科二批第一次,文科,5,重庆工商大学派斯学院（独立学院）,924,1:1,410,410,5,5,0,https://gaokao.chsi.com.cn/zsgs/zhangcheng/listZszc--schId-1836.dhtml,重庆市,重庆市,,14357
92,2912,本科二批第一次,文科,25,山东财经大学,A77,1:1,469,469,25,29,0,https://gaokao.chsi.com.cn/zsgs/zhangcheng/listZszc--schId-358.dhtml,山东省,济南市,,5295
93,2919,本科二批第一次,文科,15,河北金融学院,038,1:1,398,398,15,16,0,https://gaokao.chsi.com.cn/zsgs/zhangcheng/listZszc--schId-801.dhtml,河北省,保定市,,7873
94,2923,本科二批第一次,文科,6,哈尔滨华德学院（民办）,451,1:1,379,379,6,7,0,https://gaokao.chsi.com.cn/zsgs/zhangcheng/listZszc--schId-1650.dhtml,黑龙江省,哈尔滨市,,18670
95,2925,本科二批第一次,文科,12,吉林农业大学,840,1:1,411,411,12,14,0,https://gaokao.chsi.com.cn/zsgs/zhangcheng/listZszc--schId-161.dhtml,吉林省,长春市,,14212
96,2927,本科二批第一次,文科,6,武汉体育学院,E23,1:1,444,444,6,6,0,https://gaokao.chsi.com.cn/zsgs/zhangcheng/listZszc--schId-403.dhtml,湖北省,武汉市,,9776
97,2929,本科二批第二次,文科,8,武汉学院（民办）,D32,1:1,390,390,8,8,0,https://gaokao.chsi.com.cn/zsgs/zhangcheng/listZszc--schId-1876.dhtml,湖北省,武汉市,,17106
98,2932,本科二批第一次,文科,15,四川外国语大学成都学院（独立学院）,K67,1:1,379,379,15,14,1,https://gaokao.chsi.com.cn/zsgs/zhangcheng/listZszc--schId-1914.dhtml,四川省,成都市,,16961
99,2938,本科二批第一次,文科,3,常州大学,127,1:1,457,457,3,3,0,https://gaokao.chsi.com.cn/zsgs/zhangcheng/listZszc--schId-231.dhtml,江苏省,常州市,,8107
100,2953,本科二批第一次,文科,15,集美大学诚毅学院（独立学院）,F37,1:1,405,405,15,15,0,https://gaokao.chsi.com.cn/zsgs/zhangcheng/listZszc--schId-1766.dhtml,福建省,厦门市,,15057
101,2956,本科二批第一次,文科,13,防灾科技学院,B48,1:1,443,443,13,14,0,https://gaokao.chsi.com.cn/zsgs/zhangcheng/listZszc--schId-900.dhtml,河北省,廊坊市,,7653
102,2959,本科二批第一次,文科,6,南宁理工学院（民办）,H54,1:1,387,387,6,7,0,https://gaokao.chsi.com.cn/zsgs/zhangcheng/listZszc--schId-1886.dhtml,广西壮族自治区,南宁市,,17548
103,2974,本科二批第一次,文科,4,湖北第二师范学院,F74,1:1,446,446,4,4,0,https://gaokao.chsi.com.cn/zsgs/zhangcheng/listZszc--schId-5579637.dhtml,湖北省,武汉市,,9517
104,2991,本科二批第一次,文科,11,河北地质大学,157,1:1,439,439,11,13,0,https://gaokao.chsi.com.cn/zsgs/zhangcheng/listZszc--schId-67.dhtml,河北省,石家庄市,,5295
105,2992,本科二批第一次,文科,3,昆明理工大学津桥学院（独立学院）,D29,1:1,379,379,3,2,1,https://gaokao.chsi.com.cn/zsgs/zhangcheng/listZszc--schId-1664.dhtml,云南省,昆明市,,12726
106,2995,本科二批第一次,文科,6,长春师范大学,L98,1:1,395,395,6,7,0,https://gaokao.chsi.com.cn/zsgs/zhangcheng/listZszc--schId-168.dhtml,吉林省,长春市,,16438
107,3003,本科二批第一次,文科,1,黑龙江工程学院,881,1:1,445,445,1,1,0,https://gaokao.chsi.com.cn/zsgs/zhangcheng/listZszc--schId-914.dhtml,黑龙江省,哈尔滨市,,9650
108,3015,本科二批第一次,文科,10,河南科技大学,104,1:1.05,446,382,11,11,0,https://gaokao.chsi.com.cn/zsgs/zhangcheng/listZszc--schId-365.dhtml,河南省,洛阳市,,9517
109,3063,本科二批第一次,文科,19,绥化学院,892,1:1,406,406,19,21,0,https://gaokao.chsi.com.cn/zsgs/zhangcheng/listZszc--schId-192.dhtml,黑龙江省,绥化市,,14913
110,3101,本科二批第一次,文科,24,太原师范学院,729,1:1,428,428,24,24,0,https://gaokao.chsi.com.cn/zsgs/zhangcheng/listZszc--schId-100.dhtml,山西省,太原市,,11868
111,3110,本科二批第一次,文科,5,武汉城市学院（民办）,646,1:1,386,386,5,6,0,https://gaokao.chsi.com.cn/zsgs/zhangcheng/listZszc--schId-1591.dhtml,湖北省,武汉市,,17686
112,3142,本科二批第一次,文科,12,邵阳学院,696,1:1,402,402,12,12,0,https://gaokao.chsi.com.cn/zsgs/zhangcheng/listZszc--schId-421.dhtml,湖南省,邵阳市,,12726
113,3172,本科二批第一次,文科,6,哈尔滨信息工程学院（民办）,218,1:1,384,384,6,6,0,https://gaokao.chsi.com.cn/zsgs/zhangcheng/listZszc--schId-873.dhtml,黑龙江省,哈尔滨市,,16961
114,3178,本科二批第一次,文科,10,安庆师范大学,050,1:1,406,406,10,11,0,https://gaokao.chsi.com.cn/zsgs/zhangcheng/listZszc--schId-288.dhtml,安徽省,安庆市,,7762
115,3244,本科二批第一次,文科,35,内蒙古科技大学包头师范学院,L15,1:1,445,445,35,38,0,https://gaokao.chsi.com.cn/zsgs/zhangcheng/listZszc--schId-6433938.dhtml,内蒙古自治区,包头市,,9650
116,3252,本科二批第一次,文科,5,衡阳师范学院,A80,1:1,445,445,5,5,0,https://gaokao.chsi.com.cn/zsgs/zhangcheng/listZszc--schId-420.dhtml,湖南省,衡阳市,,5564
117,3255,本科二批第一次,文科,6,河北地质大学华信学院（独立学院）,M16,1:1,389,389,6,6,0,https://gaokao.chsi.com.cn/zsgs/zhangcheng/listZszc--schId-1839.dhtml,河北省,石家庄市,,17250
118,3258,本科二批第一次,文科,7,长治学院,B28,1:1,402,402,7,7,0,https://gaokao.chsi.com.cn/zsgs/zhangcheng/listZszc--schId-103.dhtml,山西省,长治市,,11719
119,3292,本科二批第一次,文科,12,黑龙江工商学院（民办）,A66,1:1,379,379,12,10,2,https://gaokao.chsi.com.cn/zsgs/zhangcheng/listZszc--schId-1644.dhtml,黑龙江省,哈尔滨市,,16961
120,3320,本科二批第二次,文科,31,哈尔滨广厦学院（民办）,B85,1:1,381,381,31,32,0,https://gaokao.chsi.com.cn/zsgs/zhangcheng/listZszc--schId-1649.dhtml,黑龙江省,哈尔滨市,,18406
121,3328,本科二批第一次,文科,5,泰山学院,A76,1:1,401,401,5,5,0,https://gaokao.chsi.com.cn/zsgs/zhangcheng/listZszc--schId-355.dhtml,山东省,泰安市,,15577
122,3367,本科二批第一次,文科,19,山西中医药大学,728,1:1,462,462,19,22,0,https://gaokao.chsi.com.cn/zsgs/zhangcheng/listZszc--schId-606.dhtml,山西省,太原市,,7292
123,3408,本科二批第一次,文科,3,湖南财政经济学院,M06,1:1,449,449,3,3,0,https://gaokao.chsi.com.cn/zsgs/zhangcheng/listZszc--schId-840.dhtml,湖南省,长沙市,,6623
124,3422,本科二批第一次,文科,4,山西晋中理工学院（民办）,D24,1:1,388,388,4,4,0,https://gaokao.chsi.com.cn/zsgs/zhangcheng/listZszc--schId-1805.dhtml,山西省,晋中市,,17390
125,3476,本科二批第一次,文科,4,电子科技大学成都学院（独立学院）,503,1:1,385,385,4,6,0,https://gaokao.chsi.com.cn/zsgs/zhangcheng/listZszc--schId-1906.dhtml,四川省,成都市,,12275
126,3508,本科二批第一次,文科,3,肇庆学院,853,1:1,450,450,3,3,0,https://gaokao.chsi.com.cn/zsgs/zhangcheng/listZszc--schId-444.dhtml,广东省,肇庆市,,9034
127,3510,本科二批第一次,文科,8,怀化学院,A14,1:1,423,423,8,8,0,https://gaokao.chsi.com.cn/zsgs/zhangcheng/listZszc--schId-422.dhtml,湖南省,怀化市,,11329
128,3532,本科二批第一次,文科,4,西安文理学院,607,1:1,449,449,4,4,0,https://gaokao.chsi.com.cn/zsgs/zhangcheng/listZszc--schId-722.dhtml,陕西省,西安市,,9154
129,3543,本科二批第一次,文科,6,武汉工商学院（民办）,A38,1:1,387,387,6,6,0,https://gaokao.chsi.com.cn/zsgs/zhangcheng/listZszc--schId-1598.dhtml,湖北省,武汉市,,17548
130,3600,本科二批第一次,文科,2,西安石油大学,438,1:1,441,441,2,2,0,https://gaokao.chsi.com.cn/zsgs/zhangcheng/listZszc--schId-553.dhtml,陕西省,西安市,,10173
131,3618,本科二批第一次,文科,3,曲靖师范学院,353,1:1,389,389,3,6,0,https://gaokao.chsi.com.cn/zsgs/zhangcheng/listZszc--schId-533.dhtml,云南省,曲靖市,,17250
132,3627,本科二批第一次,文科,2,榆林学院,940,1:1,415,415,2,2,0,https://gaokao.chsi.com.cn/zsgs/zhangcheng/listZszc--schId-792.dhtml,陕西省,榆林市,,13636
133,3639,本科二批第一次,文科,270,内蒙古科技大学,764,1:1,412,412,270,279,0,https://gaokao.chsi.com.cn/zsgs/zhangcheng/listZszc--schId-108.dhtml,内蒙古自治区,包头市,,11868
134,3652,本科二批第一次,文科,10,唐山师范学院,A17,1:1,425,425,10,10,0,https://gaokao.chsi.com.cn/zsgs/zhangcheng/listZszc--schId-83.dhtml,河北省,唐山市,,12275
135,3686,本科二批第一次,文科,482,内蒙古大学创业学院（独立学院）,E89,1:1,396,396,482,495,0,https://gaokao.chsi.com.cn/zsgs/zhangcheng/listZszc--schId-18217120.dhtml,内蒙古自治区,呼和浩特市,,16308
136,3709,本科二批第一次,文科,10,南昌工程学院,146,1:1,399,399,10,10,0,https://gaokao.chsi.com.cn/zsgs/zhangcheng/listZszc--schId-769.dhtml,江西省,南昌市,,7184
137,3725,本科二批第一次,文科,4,湖南医药学院,707,1:1,412,412,4,4,0,https://gaokao.chsi.com.cn/zsgs/zhangcheng/listZszc--schId-993.dhtml,湖南省,怀化市,,14081
138,3735,本科二批第一次,文科,8,烟台理工学院（民办）,472,1:1,390,390,8,8,0,https://gaokao.chsi.com.cn/zsgs/zhangcheng/listZszc--schId-1682.dhtml,山东省,烟台市,,17106
139,3747,本科二批第一次,文科,9,鲁东大学,A83,1:1,469,469,9,10,0,https://gaokao.chsi.com.cn/zsgs/zhangcheng/listZszc--schId-353.dhtml,山东省,烟台市,,5964
140,3750,本科二批第一次,文科,2,南昌大学科学技术学院（独立学院）,684,1:1,387,387,2,2,0,https://gaokao.chsi.com.cn/zsgs/zhangcheng/listZszc--schId-1743.dhtml,江西省,南昌市,,17548
141,3751,本科二批第一次,文科,6,湖北工程学院新技术学院（独立学院）,D03,1:1,397,397,6,6,0,https://gaokao.chsi.com.cn/zsgs/zhangcheng/listZszc--schId-1613.dhtml,湖北省,黄石市,,16180
142,3758,本科二批第一次,文科,8,北京工业大学耿丹学院（独立学院）,D74,1:1,383,383,8,8,0,https://gaokao.chsi.com.cn/zsgs/zhangcheng/listZszc--schId-1135332.dhtml,北京市,北京市,,17548
143,3762,本科二批第三次,文科,2,上海立达学院（民办）,C11,1:1,397,397,2,2,0,https://gaokao.chsi.com.cn/zsgs/zhangcheng/listZszc--schId-1115.dhtml,上海市,上海市,,16180
144,3810,本科二批第一次,文科,8,河南工程学院,G24,1:1,402,402,8,9,0,https://gaokao.chsi.com.cn/zsgs/zhangcheng/listZszc--schId-835.dhtml,河南省,郑州市,,9154
145,3816,本科二批第一次,文科,8,黄淮学院,B40,1:1,410,410,8,9,0,https://gaokao.chsi.com.cn/zsgs/zhangcheng/listZszc--schId-666.dhtml,河南省,驻马店市,,14357
146,3860,本科二批第一次,文科,4,贵州民族大学,191,1:1,457,457,4,4,0,,贵州省,贵阳市,,7184
147,3900,本科二批第一次,文科,3,陕西服装工程学院（民办）,616,1:1,388,388,3,3,0,https://gaokao.chsi.com.cn/zsgs/zhangcheng/listZszc--schId-1549.dhtml,陕西省,咸阳市,,17390
148,3914,本科二批第一次,文科,19,北京科技大学天津学院（独立学院）,D71,1:1,384,384,19,19,0,https://gaokao.chsi.com.cn/zsgs/zhangcheng/listZszc--schId-93355.dhtml,天津市,天津市,,17992
149,3916,本科二批第一次,文科,5,湖北中医药大学,535,1:1,439,439,5,5,0,https://gaokao.chsi.com.cn/zsgs/zhangcheng/listZszc--schId-394.dhtml,湖北省,武汉市,,9650
150,3923,本科二批第二次,文科,3,上海杉达学院（民办）,A02,1:1,379,379,3,2,1,https://gaokao.chsi.com.cn/zsgs/zhangcheng/listZszc--schId-932.dhtml,上海市,上海市,,18670
151,3929,本科二批第一次,文科,23,辽宁师范大学海华学院（独立学院）,F29,1:1,383,383,23,26,0,https://gaokao.chsi.com.cn/zsgs/zhangcheng/listZszc--schId-1582.dhtml,辽宁省,大连市,,17686
152,3943,本科二批第一次,文科,2,西安交通工程学院（民办）,176,1:1,387,387,2,3,0,https://gaokao.chsi.com.cn/zsgs/zhangcheng/listZszc--schId-1819.dhtml,陕西省,西安市,,17548
153,3955,本科二批第一次,文科,4,陕西学前师范学院,J47,1:1,449,449,4,5,0,https://gaokao.chsi.com.cn/zsgs/zhangcheng/listZszc--schId-5038141.dhtml,陕西省,西安市,,9154
154,3956,本科二批第一次,文科,20,长沙医学院（民办）,G16,1:1,395,395,20,20,0,https://gaokao.chsi.com.cn/zsgs/zhangcheng/listZszc--schId-610.dhtml,湖南省,长沙市,,16438
155,3961,本科二批第一次,文科,8,哈尔滨金融学院,041,1:1,454,454,8,8,0,https://gaokao.chsi.com.cn/zsgs/zhangcheng/listZszc--schId-196.dhtml,黑龙江省,哈尔滨市,,6497
156,3970,本科二批第一次,文科,4,宝鸡文理学院,952,1:1,440,440,4,4,0,https://gaokao.chsi.com.cn/zsgs/zhangcheng/listZszc--schId-563.dhtml,陕西省,宝鸡市,,7292
157,3987,本科二批第一次,文科,5,石家庄铁道大学四方学院（独立学院）,D05,1:1,412,412,5,6,0,https://gaokao.chsi.com.cn/zsgs/zhangcheng/listZszc--schId-1838.dhtml,河北省,石家庄市,,14081
158,3998,本科二批第一次,文科,5,西安汽车职业大学（民办）,C67,1:1,392,392,5,6,0,https://gaokao.chsi.com.cn/zsgs/zhangcheng/listZszc--schId-1977.dhtml,陕西省,西安市,,16814
159,4058,本科二批第一次,文科,13,沧州师范学院,652,1:1,409,409,13,13,0,https://gaokao.chsi.com.cn/zsgs/zhangcheng/listZszc--schId-89.dhtml,河北省,沧州市,,11191
160,4070,本科二批第二次,文科,15,晋中学院,014,1:1,426,426,15,16,0,https://gaokao.chsi.com.cn/zsgs/zhangcheng/listZszc--schId-102.dhtml,山西省,晋中市,,12136
161,4108,本科二批第一次,文科,5,沈阳科技学院（民办）,F41,1:1,382,382,5,5,0,https://gaokao.chsi.com.cn/zsgs/zhangcheng/listZszc--schId-1866.dhtml,辽宁省,沈阳市,,15057
162,4125,本科二批第二次,文科,8,厦门工学院（民办）,H40,1:1,386,386,8,11,0,https://gaokao.chsi.com.cn/zsgs/zhangcheng/listZszc--schId-1544.dhtml,福建省,厦门市,,17686
163,4129,本科二批第一次,文科,25,山东女子学院,G28,1:1,405,405,25,25,0,https://gaokao.chsi.com.cn/zsgs/zhangcheng/listZszc--schId-6278817.dhtml,山东省,济南市,,13636
164,4142,本科二批第一次,文科,5,滨州学院,068,1:1,462,462,5,5,0,https://gaokao.chsi.com.cn/zsgs/zhangcheng/listZszc--schId-352.dhtml,山东省,滨州市,,7537
165,4155,本科二批第一次,文科,8,陕西理工大学,541,1:1,440,440,8,9,0,https://gaokao.chsi.com.cn/zsgs/zhangcheng/listZszc--schId-562.dhtml,陕西省,汉中市,,6953
166,4158,本科二批第一次,文科,6,桂林学院（民办）,F42,1:1,397,397,6,7,0,https://gaokao.chsi.com.cn/zsgs/zhangcheng/listZszc--schId-1882.dhtml,广西壮族自治区,桂林市,,16180
167,4180,本科二批第一次,文科,12,吕梁学院,B35,1:1,421,421,12,12,0,https://gaokao.chsi.com.cn/zsgs/zhangcheng/listZszc--schId-607.dhtml,山西省,吕梁市,,12842
168,4215,本科二批第一次,文科,4,太原科技大学,101,1:1,449,449,4,4,0,https://gaokao.chsi.com.cn/zsgs/zhangcheng/listZszc--schId-92.dhtml,山西省,太原市,,5879
169,4259,本科二批第一次,文科,5,福建江夏学院,H58,1:1,444,444,5,5,0,https://gaokao.chsi.com.cn/zsgs/zhangcheng/listZszc--schId-2002.dhtml,福建省,福州市,,9776
170,4301,本科二批第一次,文科,23,河北民族师范学院,094,1:1,404,404,23,27,0,https://gaokao.chsi.com.cn/zsgs/zhangcheng/listZszc--schId-82.dhtml,河北省,承德市,,11719
171,4305,本科二批第一次,文科,4,昆明城市学院（民办）,G50,1:1,404,404,4,5,0,https://gaokao.chsi.com.cn/zsgs/zhangcheng/listZszc--schId-1665.dhtml,云南省,昆明市,,14081
172,4330,本科二批第一次,文科,5,哈尔滨学院,A12,1:1,409,409,5,5,0,https://gaokao.chsi.com.cn/zsgs/zhangcheng/listZszc--schId-190.dhtml,黑龙江省,哈尔滨市,,9650
173,4336,本科二批第一次,文科,2,安徽农业大学,079,1:1,450,450,2,2,0,https://gaokao.chsi.com.cn/zsgs/zhangcheng/listZszc--schId-281.dhtml,安徽省,合肥市,,9034
174,4344,本科二批第一次,文科,37,长春师范大学,429,1:1,403,403,37,42,0,https://gaokao.chsi.com.cn/zsgs/zhangcheng/listZszc--schId-168.dhtml,吉林省,长春市,,11868
175,4346,本科二批第一次,文科,48,华北科技学院,461,1:1,406,406,48,49,0,https://gaokao.chsi.com.cn/zsgs/zhangcheng/listZszc--schId-730.dhtml,河北省,廊坊市,,14913
176,4372,本科二批第二次,文科,6,宁夏大学新华学院（独立学院）,C04,1:1,379,379,6,5,1,https://gaokao.chsi.com.cn/zsgs/zhangcheng/listZszc--schId-1660.dhtml,宁夏回族自治区,银川市,,18670
177,4389,本科二批第一次,文科,3,成都大学,N66,1:1,477,477,3,6,0,,四川省,成都市,,5879
178,4391,本科二批第一次,文科,12,湖南科技学院,576,1:1,389,389,12,15,0,https://gaokao.chsi.com.cn/zsgs/zhangcheng/listZszc--schId-424.dhtml,湖南省,永州市,,17250
179,4397,本科二批第一次,文科,3,北京联合大学,530,1:1,477,477,3,6,0,https://gaokao.chsi.com.cn/zsgs/zhangcheng/listZszc--schId-799.dhtml,北京市,北京市,,5000
180,4403,本科二批第一次,文科,3,厦门理工学院,405,1:1,460,460,3,3,0,https://gaokao.chsi.com.cn/zsgs/zhangcheng/listZszc--schId-708.dhtml,福建省,厦门市,,7762
181,4412,本科二批第一次,文科,8,昆明学院,992,1:1,405,405,8,11,0,https://gaokao.chsi.com.cn/zsgs/zhangcheng/listZszc--schId-791.dhtml,云南省,昆明市,,15057
182,4415,本科二批第一次,文科,3,安徽建筑大学,B92,1:1,443,443,3,3,0,https://gaokao.chsi.com.cn/zsgs/zhangcheng/listZszc--schId-658.dhtml,安徽省,合肥市,,9897
183,4431,本科二批第一次,文科,13,湖南涉外经济学院（民办）,A73,1:1,382,382,13,14,0,https://gaokao.chsi.com.cn/zsgs/zhangcheng/listZszc--schId-1006.dhtml,湖南省,长沙市,,17992
184,4438,本科二批第一次,文科,5,青岛恒星科技学院（民办）,A22,1:1,379,379,5,4,1,https://gaokao.chsi.com.cn/zsgs/zhangcheng/listZszc--schId-1479.dhtml,山东省,青岛市,,17992
185,4442,本科二批第一次,文科,5,天津外国语大学滨海外事学院（独立学院）,A05,1:1,382,382,5,6,0,https://gaokao.chsi.com.cn/zsgs/zhangcheng/listZszc--schId-1899.dhtml,天津市,天津市,,14636
186,4450,本科二批第一次,文科,5,河南城建学院,602,1:1,408,408,5,6,0,https://gaokao.chsi.com.cn/zsgs/zhangcheng/listZszc--schId-898.dhtml,河南省,平顶山市,,14636
187,4509,本科二批第一次,文科,10,西安财经大学行知学院（独立学院）,511,1:1,386,386,10,11,0,https://gaokao.chsi.com.cn/zsgs/zhangcheng/listZszc--schId-1921.dhtml,陕西省,西安市,,14756
188,4540,本科二批第一次,文科,3,金陵科技学院,E25,1:1,448,448,3,3,0,https://gaokao.chsi.com.cn/zsgs/zhangcheng/listZszc--schId-6410241.dhtml,江苏省,南京市,,9267
189,4568,本科二批第一次,文科,11,吉利学院（民办）,A09,1:1,379,379,11,11,0,https://gaokao.chsi.com.cn/zsgs/zhangcheng/listZszc--schId-1283.dhtml,浙江省,杭州市,,18670
190,4592,本科二批第一次,文科,23,青岛滨海学院（民办）,739,1:1,381,381,23,25,0,https://gaokao.chsi.com.cn/zsgs/zhangcheng/listZszc--schId-651.dhtml,山东省,青岛市,,18406
191,4637,本科二批第一次,文科,8,重庆财经学院（民办）,899,1:1,387,387,8,9,0,https://gaokao.chsi.com.cn/zsgs/zhangcheng/listZszc--schId-1835.dhtml,重庆市,重庆市,,17548
192,4644,本科二批第一次,文科,3,广西科技大学,746,1:1,407,407,3,3,0,https://gaokao.chsi.com.cn/zsgs/zhangcheng/listZszc--schId-454.dhtml,广西壮族自治区,柳州市,,14756
193,4652,本科二批第一次,文科,27,海南热带海洋学院,976,1:1,393,393,27,28,0,https://gaokao.chsi.com.cn/zsgs/zhangcheng/listZszc--schId-729.dhtml,海南省,三亚市,,13783
194,4691,本科二批第一次,文科,6,闽南科技学院（民办）,H31,1:1,382,382,6,9,0,https://gaokao.chsi.com.cn/zsgs/zhangcheng/listZszc--schId-1464.dhtml,福建省,泉州市,,17842
195,4701,本科二批第一次,文科,12,重庆对外经贸学院（民办）,C03,1:1,388,388,12,13,0,https://gaokao.chsi.com.cn/zsgs/zhangcheng/listZszc--schId-1834.dhtml,重庆市,重庆市,,14492
196,4707,本科二批第一次,文科,4,河北环境工程学院,J24,1:1,411,411,4,4,0,https://gaokao.chsi.com.cn/zsgs/zhangcheng/listZszc--schId-490263.dhtml,河北省,秦皇岛市,,13497
197,4719,本科二批第一次,文科,1137,内蒙古鸿德文理学院（民办）,E87,1:1,386,386,1137,1211,0,https://gaokao.chsi.com.cn/zsgs/zhangcheng/listZszc--schId-46949665.dhtml,内蒙古自治区,呼和浩特市,,17686
198,4726,本科二批第一次,文科,13,中国劳动关系学院,059,1:1,468,468,13,15,0,https://gaokao.chsi.com.cn/zsgs/zhangcheng/listZszc--schId-1068.dhtml,北京市,北京市,,4718
199,4729,本科二批第一次,文科,4,西南交通大学希望学院（独立学院）,J05,1:1,429,429,4,4,0,https://gaokao.chsi.com.cn/zsgs/zhangcheng/listZszc--schId-18907077.dhtml,四川省,成都市,,11719
200,4769,本科二批第一次,文科,2,四川工商学院（民办）,D35,1:1,388,388,2,3,0,https://gaokao.chsi.com.cn/zsgs/zhangcheng/listZszc--schId-1913.dhtml,四川省,成都市,,17390
201,4779,本科二批第一次,文科,12,西安医学院,222,1:1,435,435,12,12,0,https://gaokao.chsi.com.cn/zsgs/zhangcheng/listZszc--schId-936.dhtml,陕西省,西安市,,10023
202,4789,本科二批第一次,文科,5,安阳师范学院,J53,1:1,437,437,5,5,0,https://gaokao.chsi.com.cn/zsgs/zhangcheng/listZszc--schId-376.dhtml,河南省,安阳市,,10697
203,4809,本科二批第一次,文科,5,江西农业大学南昌商学院（独立学院）,G54,1:1,390,390,5,6,0,https://gaokao.chsi.com.cn/zsgs/zhangcheng/listZszc--schId-1749.dhtml,江西省,南昌市,,17106
204,4815,本科二批第一次,文科,8,太原学院,719,1:1,449,449,8,8,0,https://gaokao.chsi.com.cn/zsgs/zhangcheng/listZszc--schId-745.dhtml,山西省,太原市,,9154
205,4817,本科二批第一次,文科,6,西安科技大学高新学院（独立学院）,750,1:1,394,394,6,6,0,https://gaokao.chsi.com.cn/zsgs/zhangcheng/listZszc--schId-3586279.dhtml,陕西省,西安市,,16571
206,4832,本科二批第一次,文科,10,山东农业工程学院,M39,1:1,424,424,10,10,0,https://gaokao.chsi.com.cn/zsgs/zhangcheng/listZszc--schId-5539336.dhtml,山东省,济南市,,7411
207,4838,本科二批第一次,文科,11,西安翻译学院（民办）,951,1:1,399,399,11,12,0,https://gaokao.chsi.com.cn/zsgs/zhangcheng/listZszc--schId-1197.dhtml,陕西省,西安市,,15184
208,4879,本科二批第一次,文科,20,珠海科技学院（民办）,C20,1:1,391,391,20,20,0,https://gaokao.chsi.com.cn/zsgs/zhangcheng/listZszc--schId-1925.dhtml,广东省,珠海市,,15875
209,4890,本科二批第一次,文科,20,西安培华学院（民办）,950,1:1,409,409,20,20,0,https://gaokao.chsi.com.cn/zsgs/zhangcheng/listZszc--schId-795.dhtml,陕西省,西安市,,14492
210,4894,本科二批第一次,文科,3,武汉工程大学邮电与信息工程学院（独立学院）,C90,1:1,385,385,3,4,0,https://gaokao.chsi.com.cn/zsgs/zhangcheng/listZszc--schId-1595.dhtml,湖北省,武汉市,,17842
211,4904,本科二批第三次,文科,4,海南热带海洋学院,LP4,1:1,379,379,4,0,4,https://gaokao.chsi.com.cn/zsgs/zhangcheng/listZszc--schId-729.dhtml,海南省,三亚市,,18670
212,4910,本科二批第一次,文科,4,南昌交通学院（民办）,D21,1:1,381,381,4,5,0,https://gaokao.chsi.com.cn/zsgs/zhangcheng/listZszc--schId-1745.dhtml,江西省,南昌市,,17106
213,4915,本科二批第二次,文科,19,河南牧业经济学院,M72,1:1,405,405,19,20,0,https://gaokao.chsi.com.cn/zsgs/zhangcheng/listZszc--schId-369.dhtml,河南省,郑州市,,15057
214,4921,本科二批第一次,文科,2,武汉纺织大学,G12,1:1,467,467,2,3,0,https://gaokao.chsi.com.cn/zsgs/zhangcheng/listZszc--schId-389.dhtml,湖北省,武汉市,,6953
215,4932,本科二批第一次,文科,9,保定理工学院（民办）,D68,1:1,387,387,9,10,0,https://gaokao.chsi.com.cn/zsgs/zhangcheng/listZszc--schId-398215.dhtml,河北省,保定市,,14636
216,4943,本科二批第一次,文科,9,琼台师范学院,D52,1:1,447,447,9,10,0,https://gaokao.chsi.com.cn/zsgs/zhangcheng/listZszc--schId-2050.dhtml,海南省,海口市,,7653
217,4966,本科二批第一次,文科,4,成都工业学院,N28,1:1,425,425,4,4,0,https://gaokao.chsi.com.cn/zsgs/zhangcheng/listZszc--schId-736.dhtml,四川省,成都市,,12275
218,4974,本科二批第一次,文科,21,中华女子学院,058,1:1,427,427,21,22,0,https://gaokao.chsi.com.cn/zsgs/zhangcheng/listZszc--schId-740.dhtml,北京市,北京市,,6832
219,4981,本科二批第二次,文科,12,上海建桥学院（民办）,F08,1:1,379,379,12,9,3,https://gaokao.chsi.com.cn/zsgs/zhangcheng/listZszc--schId-1280.dhtml,上海市,上海市,,18670
220,4991,本科二批第一次,文科,8,赣南科技学院,449,1:1,414,414,8,8,0,https://gaokao.chsi.com.cn/zsgs/zhangcheng/listZszc--schId-1747.dhtml,江西省,赣州市,,13783
221,5000,本科二批第一次,文科,10,宁波财经学院（民办）,G42,1:1,382,382,10,11,0,https://gaokao.chsi.com.cn/zsgs/zhangcheng/listZszc--schId-1466.dhtml,浙江省,宁波市,,18266
222,5003,本科二批第二次,文科,26,大连工业大学艺术与信息工程学院（独立学院）,E03,1:1,382,382,26,29,0,https://gaokao.chsi.com.cn/zsgs/zhangcheng/listZszc--schId-1570.dhtml,辽宁省,大连市,,18266
223,5020,本科二批第一次,文科,4,泰山科技学院（民办）,H52,1:1,387,387,4,4,0,https://gaokao.chsi.com.cn/zsgs/zhangcheng/listZszc--schId-1869.dhtml,山东省,泰安市,,17548
224,5026,本科二批第一次,文科,3,咸阳师范学院,333,1:1,449,449,3,3,0,https://gaokao.chsi.com.cn/zsgs/zhangcheng/listZszc--schId-564.dhtml,陕西省,咸阳市,,9154
225,5069,本科二批第一次,文科,45,大连科技学院（民办）,431,1:1,383,383,45,47,0,https://gaokao.chsi.com.cn/zsgs/zhangcheng/listZszc--schId-1574.dhtml,辽宁省,大连市,,18130
226,5072,本科二批第一次,文科,2,燕京理工学院（民办）,D69,1:1,389,389,2,3,0,https://gaokao.chsi.com.cn/zsgs/zhangcheng/listZszc--schId-94431.dhtml,北京市,北京市,,17250
227,5082,本科二批第一次,文科,6,郑州航空工业管理学院,J36,1:1,433,433,6,6,0,https://gaokao.chsi.com.cn/zsgs/zhangcheng/listZszc--schId-382.dhtml,河南省,郑州市,,6953
228,5085,本科二批第一次,文科,10,沈阳城市建设学院（民办）,437,1:1,388,388,10,10,0,https://gaokao.chsi.com.cn/zsgs/zhangcheng/listZszc--schId-1575.dhtml,辽宁省,沈阳市,,16438
229,5094,本科二批第一次,文科,5,武昌理工学院（民办）,867,1:1,413,413,5,5,0,https://gaokao.chsi.com.cn/zsgs/zhangcheng/listZszc--schId-1012.dhtml,湖北省,武汉市,,13928
230,5132,本科二批第一次,文科,14,广西师范大学,798,1:1,442,442,14,15,0,https://gaokao.chsi.com.cn/zsgs/zhangcheng/listZszc--schId-461.dhtml,广西壮族自治区,桂林市,,5964
231,5136,本科二批第二次,文科,6,武汉生物工程学院（民办）,683,1:1,379,379,6,5,1,https://gaokao.chsi.com.cn/zsgs/zhangcheng/listZszc--schId-1035.dhtml,湖北省,武汉市,,18670
232,5145,本科二批第一次,文科,5,白城师范学院,LP6,1:1,412,412,5,5,0,https://gaokao.chsi.com.cn/zsgs/zhangcheng/listZszc--schId-169.dhtml,吉林省,白城市,,14081
233,5150,本科二批第一次,文科,23,绵阳师范学院,548,1:1,395,395,23,23,0,https://gaokao.chsi.com.cn/zsgs/zhangcheng/listZszc--schId-493.dhtml,四川省,绵阳市,,9034
234,5152,本科二批第一次,文科,12,长春电子科技学院（民办）,A11,1:1,383,383,12,14,0,https://gaokao.chsi.com.cn/zsgs/zhangcheng/listZszc--schId-1847.dhtml,吉林省,长春市,,18130
235,5171,本科二批第一次,文科,7,武汉华夏理工学院（民办）,733,1:1,383,383,7,9,0,https://gaokao.chsi.com.cn/zsgs/zhangcheng/listZszc--schId-1907.dhtml,湖北省,武汉市,,17548
236,5172,本科二批第一次,文科,5,山西应用科技学院（民办）,723,1:1,390,390,5,7,0,https://gaokao.chsi.com.cn/zsgs/zhangcheng/listZszc--schId-1260.dhtml,山西省,临汾市,,15715
237,5183,本科二批第一次,文科,8,三峡大学科技学院（独立学院）,446,1:1,389,389,8,8,0,https://gaokao.chsi.com.cn/zsgs/zhangcheng/listZszc--schId-1592.dhtml,湖北省,宜昌市,,11066
238,5187,本科二批第一次,文科,45,黑龙江财经学院（民办）,A01,1:1,382,382,45,47,0,https://gaokao.chsi.com.cn/zsgs/zhangcheng/listZszc--schId-1642.dhtml,黑龙江省,哈尔滨市,,18266
239,5201,本科二批第一次,文科,10,潍坊医学院,352,1:1,403,403,10,11,0,https://gaokao.chsi.com.cn/zsgs/zhangcheng/listZszc--schId-341.dhtml,山东省,潍坊市,,15309
240,5208,本科二批第一次,文科,3,郑州师范学院,C27,1:1,439,439,3,3,0,https://gaokao.chsi.com.cn/zsgs/zhangcheng/listZszc--schId-6689852.dhtml,河南省,郑州市,,10427
241,5228,本科二批第一次,文科,12,天津体育学院,552,1:1,421,421,12,14,0,https://gaokao.chsi.com.cn/zsgs/zhangcheng/listZszc--schId-62.dhtml,天津市,天津市,,11465
242,5253,本科二批第一次,文科,5,乐山师范学院,110,1:1,409,409,5,6,0,https://gaokao.chsi.com.cn/zsgs/zhangcheng/listZszc--schId-501.dhtml,四川省,乐山市,,13227
243,5306,本科二批第一次,文科,23,吉林动画学院（民办）,370,1:1,383,383,23,26,0,https://gaokao.chsi.com.cn/zsgs/zhangcheng/listZszc--schId-1852.dhtml,吉林省,长春市,,17686
244,5330,本科二批第一次,文科,6,天津传媒学院（民办）,E98,1:1,383,383,6,6,0,https://gaokao.chsi.com.cn/zsgs/zhangcheng/listZszc--schId-1900.dhtml,天津市,天津市,,18130
245,5369,本科二批第一次,文科,9,青岛城市学院（民办）,482,1:1,381,381,9,10,0,https://gaokao.chsi.com.cn/zsgs/zhangcheng/listZszc--schId-1701.dhtml,山东省,青岛市,,17992
246,5378,本科二批第二次,文科,9,西安思源学院（民办）,514,1:1,379,379,9,8,1,https://gaokao.chsi.com.cn/zsgs/zhangcheng/listZszc--schId-1545.dhtml,陕西省,西安市,,18670
247,5381,本科二批第一次,文科,7,郑州工商学院（民办）,H47,1:1,387,387,7,12,0,https://gaokao.chsi.com.cn/zsgs/zhangcheng/listZszc--schId-1780.dhtml,河南省,郑州市,,17548
248,5401,本科二批第一次,文科,10,廊坊师范学院,639,1:1,439,439,10,12,0,https://gaokao.chsi.com.cn/zsgs/zhangcheng/listZszc--schId-84.dhtml,河北省,廊坊市,,10427
249,5407,本科二批第一次,文科,4,成都理工大学工程技术学院（独立学院）,A30,1:1,396,396,4,4,0,https://gaokao.chsi.com.cn/zsgs/zhangcheng/listZszc--schId-1909.dhtml,四川省,成都市,,16308
250,5420,本科二批第一次,文科,10,山东管理学院,K41,1:1,402,402,10,10,0,https://gaokao.chsi.com.cn/zsgs/zhangcheng/listZszc--schId-5463633.dhtml,山东省,济南市,,15431
251,5429,本科二批第一次,文科,6,广西民族大学,791,1:1,409,409,6,7,0,https://gaokao.chsi.com.cn/zsgs/zhangcheng/listZszc--schId-467.dhtml,广西壮族自治区,南宁市,,7762
252,5436,本科二批第一次,文科,3,长春大学,832,1:1,467,467,3,4,0,https://gaokao.chsi.com.cn/zsgs/zhangcheng/listZszc--schId-892.dhtml,吉林省,长春市,,6953
253,5449,本科二批第一次,文科,11,浙江水利水电学院,649,1:1,427,427,11,11,0,https://gaokao.chsi.com.cn/zsgs/zhangcheng/listZszc--schId-820.dhtml,浙江省,杭州市,,8525
254,5453,本科二批第一次,文科,6,福州大学至诚学院（独立学院）,G55,1:1,384,384,6,6,0,https://gaokao.chsi.com.cn/zsgs/zhangcheng/listZszc--schId-5494712.dhtml,福建省,福州市,,17992
255,5454,本科二批第一次,文科,2,海南医学院,A81,1:1,424,424,2,3,0,https://gaokao.chsi.com.cn/zsgs/zhangcheng/listZszc--schId-920.dhtml,海南省,海口市,,12423
256,5456,本科二批第一次,文科,20,内蒙古科技大学包头医学院,LVQ,1:1,449,449,20,26,0,,内蒙古自治区,包头市,,9154
257,5478,本科二批第一次,文科,2,滨州医学院,A61,1:1,464,464,2,2,0,https://gaokao.chsi.com.cn/zsgs/zhangcheng/listZszc--schId-343.dhtml,山东省,滨州市,,7292
258,5502,本科二批第一次,文科,4,桂林理工大学,424,1:1,435,435,4,4,0,https://gaokao.chsi.com.cn/zsgs/zhangcheng/listZszc--schId-456.dhtml,广西壮族自治区,桂林市,,10940
259,5520,本科二批第一次,文科,6,河南科技学院,A78,1:1,417,417,6,7,0,https://gaokao.chsi.com.cn/zsgs/zhangcheng/listZszc--schId-368.dhtml,河南省,新乡市,,10427
260,5538,本科二批第一次,文科,20,九江学院,421,1:1,395,395,20,20,0,https://gaokao.chsi.com.cn/zsgs/zhangcheng/listZszc--schId-939.dhtml,江西省,九江市,,11719
261,5547,本科二批第一次,文科,6,兰州文理学院,C28,1:1,405,405,6,9,0,https://gaokao.chsi.com.cn/zsgs/zhangcheng/listZszc--schId-856.dhtml,甘肃省,兰州市,,10562
262,5549,本科二批第一次,文科,3,湖南工商大学,703,1:1,465,465,3,5,0,https://gaokao.chsi.com.cn/zsgs/zhangcheng/listZszc--schId-426.dhtml,湖南省,长沙市,,5673
263,5566,本科二批第一次,文科,20,齐鲁理工学院（民办）,F66,1:1,386,386,20,21,0,https://gaokao.chsi.com.cn/zsgs/zhangcheng/listZszc--schId-427247.dhtml,山东省,济南市,,15057
264,5583,本科二批第一次,文科,14,山西工商学院（民办）,C85,1:1,388,388,14,16,0,https://gaokao.chsi.com.cn/zsgs/zhangcheng/listZszc--schId-1931.dhtml,山西省,太原市,,16571
265,5587,本科二批第一次,文科,11,吉林建筑科技学院（民办）,836,1:1,383,383,11,13,0,https://gaokao.chsi.com.cn/zsgs/zhangcheng/listZszc--schId-1849.dhtml,吉林省,长春市,,17548
266,5602,本科二批第一次,文科,23,黑龙江工业学院,873,1:1,408,408,23,24,0,https://gaokao.chsi.com.cn/zsgs/zhangcheng/listZszc--schId-813.dhtml,黑龙江省,鸡西市,,14636
267,5606,本科二批第一次,文科,49,长春财经学院（民办）,A35,1:1,382,382,49,53,0,https://gaokao.chsi.com.cn/zsgs/zhangcheng/listZszc--schId-1848.dhtml,吉林省,长春市,,15057
268,5607,本科二批第一次,文科,12,四川工业科技学院（民办）,J55,1:1,383,383,12,14,0,https://gaokao.chsi.com.cn/zsgs/zhangcheng/listZszc--schId-2055.dhtml,四川省,德阳市,,13928
269,5632,本科二批第一次,文科,4,山东石油化工学院,D86,1:1,466,466,4,4,0,https://gaokao.chsi.com.cn/zsgs/zhangcheng/listZszc--schId-1709.dhtml,山东省,东营市,,6623
270,5633,本科二批第一次,文科,12,荆州学院（民办）,J65,1:1,384,384,12,15,0,,湖北省,荆州市,,17390
271,5649,本科二批第一次,文科,8,安阳学院（民办）,G56,1:1,388,388,8,11,0,https://gaokao.chsi.com.cn/zsgs/zhangcheng/listZszc--schId-1777.dhtml,河南省,安阳市,,17390
272,5680,本科二批第一次,文科,4,西安交通大学城市学院（独立学院）,G61,1:1,389,389,4,4,0,https://gaokao.chsi.com.cn/zsgs/zhangcheng/listZszc--schId-1918.dhtml,陕西省,西安市,,14212
273,5711,本科二批第一次,文科,8,湖南文理学院,404,1:1,404,404,8,10,0,https://gaokao.chsi.com.cn/zsgs/zhangcheng/listZszc--schId-423.dhtml,湖南省,常德市,,9154
274,5762,本科二批第一次,文科,15,西安欧亚学院（民办）,948,1:1,389,389,15,17,0,https://gaokao.chsi.com.cn/zsgs/zhangcheng/listZszc--schId-1195.dhtml,陕西省,西安市,,17250
275,5781,本科二批第二次,文科,15,黑龙江东方学院（民办）,549,1:1,382,382,15,18,0,https://gaokao.chsi.com.cn/zsgs/zhangcheng/listZszc--schId-814.dhtml,黑龙江省,哈尔滨市,,18266
276,5796,本科二批第一次,文科,44,长春科技学院（民办）,356,1:1,391,391,44,46,0,https://gaokao.chsi.com.cn/zsgs/zhangcheng/listZszc--schId-1851.dhtml,吉林省,长春市,,15875
277,5807,本科二批第一次,文科,43,丽江文化旅游学院（民办）,A33,1:1,381,381,43,44,0,https://gaokao.chsi.com.cn/zsgs/zhangcheng/listZszc--schId-1663.dhtml,云南省,丽江市,,16438
278,5813,本科二批第一次,文科,12,武汉文理学院（民办）,D41,1:1,388,388,12,12,0,https://gaokao.chsi.com.cn/zsgs/zhangcheng/listZszc--schId-1593.dhtml,湖北省,武汉市,,17250
279,5814,本科二批第一次,文科,6,桂林旅游学院,744,1:1,389,389,6,10,0,https://gaokao.chsi.com.cn/zsgs/zhangcheng/listZszc--schId-934.dhtml,广西壮族自治区,桂林市,,8883
280,5858,本科二批第一次,文科,8,桂林信息科技学院（民办）,E27,1:1,382,382,8,10,0,https://gaokao.chsi.com.cn/zsgs/zhangcheng/listZszc--schId-1885.dhtml,广西壮族自治区,桂林市,,17842
281,5865,本科二批第一次,文科,7,武昌首义学院（民办）,G27,1:1,387,387,7,7,0,https://gaokao.chsi.com.cn/zsgs/zhangcheng/listZszc--schId-1011.dhtml,湖北省,武汉市,,10562
282,5877,本科二批第一次,文科,5,绵阳城市学院（民办）,760,1:1,396,396,5,7,0,https://gaokao.chsi.com.cn/zsgs/zhangcheng/listZszc--schId-5129536.dhtml,四川省,绵阳市,,16308
283,5878,本科二批第一次,文科,25,宁夏理工学院（民办）,973,1:1,382,382,25,25,0,https://gaokao.chsi.com.cn/zsgs/zhangcheng/listZszc--schId-1088.dhtml,宁夏回族自治区,中卫市,,16438
284,5888,本科二批第一次,文科,24,陕西国际商贸学院（民办）,614,1:1,385,385,24,26,0,https://gaokao.chsi.com.cn/zsgs/zhangcheng/listZszc--schId-1547.dhtml,陕西省,咸阳市,,17842
285,5904,本科二批第一次,文科,8,文华学院（民办）,164,1:1,381,381,8,8,0,https://gaokao.chsi.com.cn/zsgs/zhangcheng/listZszc--schId-1615.dhtml,陕西省,西安市,,11868
286,5909,本科二批第一次,文科,18,山西传媒学院,K00,1:1,421,421,18,19,0,https://gaokao.chsi.com.cn/zsgs/zhangcheng/listZszc--schId-5237768.dhtml,山西省,太原市,,9154
287,5922,本科二批第一次,文科,20,山东青年政治学院,J43,1:1,420,420,20,20,0,https://gaokao.chsi.com.cn/zsgs/zhangcheng/listZszc--schId-609676.dhtml,山东省,济南市,,7184
288,5923,本科二批第一次,文科,55,长春工业大学人文信息学院（独立学院）,838,1:1,383,383,55,62,0,https://gaokao.chsi.com.cn/zsgs/zhangcheng/listZszc--schId-1846.dhtml,吉林省,长春市,,12567
289,5929,本科二批第一次,文科,9,齐鲁医药学院（民办）,B36,1:1,388,388,9,10,0,https://gaokao.chsi.com.cn/zsgs/zhangcheng/listZszc--schId-612.dhtml,山东省,济南市,,16571
290,5931,本科二批第一次,文科,9,岭南师范学院,847,1:1,421,421,9,10,0,https://gaokao.chsi.com.cn/zsgs/zhangcheng/listZszc--schId-443.dhtml,广东省,湛江市,,8255
291,5943,本科二批第一次,文科,8,沈阳城市学院（民办）,C88,1:1,382,382,8,13,0,https://gaokao.chsi.com.cn/zsgs/zhangcheng/listZszc--schId-1587.dhtml,辽宁省,沈阳市,,18266
292,5961,本科二批第一次,文科,20,黑龙江外国语学院（民办）,891,1:1,379,379,20,25,0,https://gaokao.chsi.com.cn/zsgs/zhangcheng/listZszc--schId-1640.dhtml,黑龙江省,哈尔滨市,,18521
293,5963,本科二批第一次,文科,4,上海第二工业大学,903,1:1,457,457,4,4,0,https://gaokao.chsi.com.cn/zsgs/zhangcheng/listZszc--schId-953.dhtml,上海市,上海市,,5000
294,5978,本科二批第一次,文科,10,衡水学院,644,1:1,415,415,10,10,0,https://gaokao.chsi.com.cn/zsgs/zhangcheng/listZszc--schId-85.dhtml,河北省,衡水市,,12972
295,5984,本科二批第三次,文科,7,贵州财经大学,432,1:1,379,379,7,5,2,https://gaokao.chsi.com.cn/zsgs/zhangcheng/listZszc--schId-521.dhtml,贵州省,贵阳市,,18670
296,5986,本科二批第一次,文科,62,长春人文学院（民办）,A40,1:1,380,380,62,63,0,https://gaokao.chsi.com.cn/zsgs/zhangcheng/listZszc--schId-1903.dhtml,吉林省,长春市,,17250
297,6021,本科二批第一次,文科,10,江苏理工学院,J81,1:1,450,450,10,11,0,https://gaokao.chsi.com.cn/zsgs/zhangcheng/listZszc--schId-819.dhtml,江苏省,常州市,,9034
298,6065,本科二批第一次,文科,2,上海应用技术大学,LR7,1:1,459,459,2,3,0,,上海市,上海市,,7873
299,6076,本科二批第一次,文科,28,吉林农业科技学院,854,1:1,396,396,28,31,0,https://gaokao.chsi.com.cn/zsgs/zhangcheng/listZszc--schId-810.dhtml,吉林省,吉林市,,15431
300,6085,本科二批第一次,文科,4,湘南学院,A50,1:1,409,409,4,4,0,https://gaokao.chsi.com.cn/zsgs/zhangcheng/listZszc--schId-419.dhtml,湖南省,郴州市,,9154
301,6087,本科二批第一次,文科,33,西安外事学院（民办）,945,1:1,384,384,33,36,0,https://gaokao.chsi.com.cn/zsgs/zhangcheng/listZszc--schId-1196.dhtml,陕西省,西安市,,17992
302,6096,本科二批第二次,文科,15,牡丹江师范学院,036,1:1,404,404,15,16,0,https://gaokao.chsi.com.cn/zsgs/zhangcheng/listZszc--schId-189.dhtml,黑龙江省,牡丹江市,,15184
303,6108,本科二批第一次,文科,379,集宁师范学院,765,1:1,408,408,379,393,0,https://gaokao.chsi.com.cn/zsgs/zhangcheng/listZszc--schId-804.dhtml,内蒙古自治区,乌兰察布市,,12423
304,6109,本科二批第一次,文科,2,无锡学院,681,1:1,476,476,2,2,0,https://gaokao.chsi.com.cn/zsgs/zhangcheng/listZszc--schId-6151508.dhtml,江苏省,无锡市,,5964
305,6113,本科二批第一次,文科,4,湖北文理学院,G13,1:1,459,459,4,4,0,https://gaokao.chsi.com.cn/zsgs/zhangcheng/listZszc--schId-401.dhtml,湖北省,襄阳市,,7873
306,6130,本科二批第一次,文科,19,西京学院（民办）,949,1:1,379,379,19,18,1,https://gaokao.chsi.com.cn/zsgs/zhangcheng/listZszc--schId-1198.dhtml,陕西省,西安市,,17390
307,6139,本科二批第一次,文科,4,平顶山学院,M74,1:1,412,412,4,4,0,https://gaokao.chsi.com.cn/zsgs/zhangcheng/listZszc--schId-667.dhtml,河南省,平顶山市,,14081
308,6149,本科二批第一次,文科,17,长春建筑学院（民办）,349,1:1,383,383,17,21,0,https://gaokao.chsi.com.cn/zsgs/zhangcheng/listZszc--schId-1850.dhtml,吉林省,长春市,,17842
309,6153,本科二批第一次,文科,2,浙江科技学院,968,1:1,466,466,2,2,0,https://gaokao.chsi.com.cn/zsgs/zhangcheng/listZszc--schId-704.dhtml,浙江省,杭州市,,7074
310,6159,本科二批第一次,文科,23,晋中信息学院（民办）,H49,1:1,388,388,23,23,0,https://gaokao.chsi.com.cn/zsgs/zhangcheng/listZszc--schId-1803.dhtml,山西省,晋中市,,17390
311,6161,本科二批第一次,文科,25,山东协和学院（民办）,C94,1:1,388,388,25,26,0,https://gaokao.chsi.com.cn/zsgs/zhangcheng/listZszc--schId-1659.dhtml,山东省,济南市,,9776
312,6190,本科二批第一次,文科,36,忻州师范学院,015,1:1,393,393,36,39,0,https://gaokao.chsi.com.cn/zsgs/zhangcheng/listZszc--schId-105.dhtml,山西省,忻州市,,10173
313,6196,本科二批第一次,文科,6,河北工程技术学院（民办）,125,1:1,382,382,6,6,0,https://gaokao.chsi.com.cn/zsgs/zhangcheng/listZszc--schId-1277.dhtml,河北省,邯郸市,,15184
314,6199,本科二批第一次,文科,2,湖北理工学院,687,1:1,460,460,2,2,0,https://gaokao.chsi.com.cn/zsgs/zhangcheng/listZszc--schId-668.dhtml,湖北省,黄石市,,7762
315,6207,本科二批第一次,文科,6,湖北师范大学,480,1:1,462,462,6,9,0,https://gaokao.chsi.com.cn/zsgs/zhangcheng/listZszc--schId-397.dhtml,湖北省,黄石市,,4384
316,6220,本科二批第一次,文科,5,青岛农业大学,A75,1:1,449,449,5,6,0,https://gaokao.chsi.com.cn/zsgs/zhangcheng/listZszc--schId-340.dhtml,山东省,青岛市,,9154
317,6241,本科二批第一次,文科,31,南昌理工学院（民办）,367,1:1,384,384,31,32,0,https://gaokao.chsi.com.cn/zsgs/zhangcheng/listZszc--schId-222248.dhtml,江西省,南昌市,,17992
318,6263,本科二批第一次,文科,9,北京中医药大学东方学院（独立学院）,D72,1:1,400,400,9,10,0,https://gaokao.chsi.com.cn/zsgs/zhangcheng/listZszc--schId-90586.dhtml,北京市,北京市,,14913
319,6272,本科二批第一次,文科,10,海南师范大学,927,1:1,454,454,10,11,0,https://gaokao.chsi.com.cn/zsgs/zhangcheng/listZszc--schId-883.dhtml,海南省,海口市,,6832
320,6281,本科二批第一次,文科,4,安顺学院,B21,1:1,401,401,4,4,0,https://gaokao.chsi.com.cn/zsgs/zhangcheng/listZszc--schId-517.dhtml,贵州省,安顺市,,13098
321,6289,本科二批第二次,文科,5,湖北商贸学院（民办）,M15,1:1,379,379,5,4,1,https://gaokao.chsi.com.cn/zsgs/zhangcheng/listZszc--schId-1603.dhtml,湖北省,武汉市,,18670
322,6296,本科二批第一次,文科,5,山东第一医科大学,619,1:1,426,426,5,5,0,https://gaokao.chsi.com.cn/zsgs/zhangcheng/listZszc--schId-342.dhtml,山东省,济南市,,12136
323,6315,本科二批第一次,文科,2,菏泽学院,A89,1:1,460,460,2,2,0,https://gaokao.chsi.com.cn/zsgs/zhangcheng/listZszc--schId-357.dhtml,山东省,菏泽市,,7762
324,6323,本科二批第一次,文科,5,新余学院,654,1:1,411,411,5,5,0,https://gaokao.chsi.com.cn/zsgs/zhangcheng/listZszc--schId-831.dhtml,江西省,新余市,,12842
325,6328,本科二批第一次,文科,49,内蒙古工业大学,753,1:1,427,427,49,56,0,https://gaokao.chsi.com.cn/zsgs/zhangcheng/listZszc--schId-109.dhtml,内蒙古自治区,呼和浩特市,,12009
326,6340,本科二批第一次,文科,2,海南科技职业大学（民办）,N48,1:1,386,386,2,2,0,https://gaokao.chsi.com.cn/zsgs/zhangcheng/listZszc--schId-6252403.dhtml,海南省,海口市,,17686
327,6353,本科二批第一次,文科,4,大理大学,592,1:1,425,425,4,4,0,https://gaokao.chsi.com.cn/zsgs/zhangcheng/listZszc--schId-528.dhtml,云南省,大理白族自治州,,6732
328,6355,本科二批第一次,文科,6,渤海大学,820,1:1,427,427,6,7,0,https://gaokao.chsi.com.cn/zsgs/zhangcheng/listZszc--schId-141.dhtml,辽宁省,锦州市,,5564
329,6358,本科二批第一次,文科,3,沈阳理工大学,198,1:1,451,451,3,3,0,https://gaokao.chsi.com.cn/zsgs/zhangcheng/listZszc--schId-120.dhtml,辽宁省,沈阳市,,5193
330,6369,本科二批第一次,文科,38,天津财经大学珠江学院（独立学院）,787,1:1,389,389,38,39,0,https://gaokao.chsi.com.cn/zsgs/zhangcheng/listZszc--schId-1369415.dhtml,天津市,天津市,,17250
331,6372,本科二批第一次,文科,44,吉林外国语大学（民办）,858,1:1,379,379,44,43,1,https://gaokao.chsi.com.cn/zsgs/zhangcheng/listZszc--schId-679.dhtml,吉林省,长春市,,17842
332,6389,本科二批第一次,文科,14,北华航天工业学院,116,1:1,409,409,14,14,0,https://gaokao.chsi.com.cn/zsgs/zhangcheng/listZszc--schId-869.dhtml,河北省,廊坊市,,12726
333,6390,本科二批第一次,文科,6,井冈山大学,406,1:1,397,397,6,7,0,https://gaokao.chsi.com.cn/zsgs/zhangcheng/listZszc--schId-328.dhtml,江西省,吉安市,,12136
334,6391,本科二批第一次,文科,17,南昌工学院（民办）,227,1:1,379,379,17,15,2,https://gaokao.chsi.com.cn/zsgs/zhangcheng/listZszc--schId-1735.dhtml,江西省,南昌市,,14357
335,6393,本科二批第一次,文科,4,重庆理工大学,999,1:1,461,461,4,4,0,https://gaokao.chsi.com.cn/zsgs/zhangcheng/listZszc--schId-884.dhtml,重庆市,重庆市,,7653
336,6399,本科二批第二次,文科,4,潍坊科技学院（民办）,730,1:1,402,402,4,7,0,https://gaokao.chsi.com.cn/zsgs/zhangcheng/listZszc--schId-1324.dhtml,山东省,潍坊市,,15431
337,6411,本科二批第一次,文科,32,大连民族大学,021,1:1,438,438,32,36,0,https://gaokao.chsi.com.cn/zsgs/zhangcheng/listZszc--schId-949.dhtml,辽宁省,大连市,,9034
338,6414,本科二批第一次,文科,25,江西科技学院（民办）,936,1:1,387,387,25,27,0,https://gaokao.chsi.com.cn/zsgs/zhangcheng/listZszc--schId-631.dhtml,江西省,南昌市,,16180
339,6425,本科二批第一次,文科,3,广州华立学院（民办）,E29,1:1,388,388,3,3,0,https://gaokao.chsi.com.cn/zsgs/zhangcheng/listZszc--schId-1897.dhtml,广东省,广州市,,17390
340,6461,本科二批第一次,文科,5,武夷学院,E86,1:1,389,389,5,8,0,https://gaokao.chsi.com.cn/zsgs/zhangcheng/listZszc--schId-309.dhtml,福建省,南平市,,13376
341,6502,本科二批第一次,文科,12,阜阳师范大学,609,1:1,430,430,12,12,0,https://gaokao.chsi.com.cn/zsgs/zhangcheng/listZszc--schId-287.dhtml,安徽省,阜阳市,,10173
342,6505,本科二批第一次,文科,4,湖南人文科技学院,B10,1:1,469,469,4,4,0,https://gaokao.chsi.com.cn/zsgs/zhangcheng/listZszc--schId-425.dhtml,湖南省,娄底市,,6732
343,6507,本科二批第一次,文科,18,浙江万里学院,B38,1:1,432,432,18,18,0,https://gaokao.chsi.com.cn/zsgs/zhangcheng/listZszc--schId-657.dhtml,浙江省,宁波市,,8398
344,6516,本科二批第一次,文科,45,长春光华学院（民办）,A37,1:1,383,383,45,49,0,https://gaokao.chsi.com.cn/zsgs/zhangcheng/listZszc--schId-1845.dhtml,吉林省,长春市,,18130
345,6544,本科二批第一次,文科,11,重庆外语外事学院（民办）,K28,1:1,386,386,11,13,0,https://gaokao.chsi.com.cn/zsgs/zhangcheng/listZszc--schId-1833.dhtml,重庆市,重庆市,,12423
346,6568,本科二批第一次,文科,7,郑州工业应用技术学院（民办）,394,1:1,379,379,7,7,0,https://gaokao.chsi.com.cn/zsgs/zhangcheng/listZszc--schId-1229.dhtml,河南省,郑州市,,18670
347,6590,本科二批第一次,文科,5,梧州学院,531,1:1,394,394,5,6,0,https://gaokao.chsi.com.cn/zsgs/zhangcheng/listZszc--schId-784.dhtml,广西壮族自治区,梧州市,,7411
348,6594,本科二批第一次,文科,2,江苏海洋大学,502,1:1,450,450,2,3,0,https://gaokao.chsi.com.cn/zsgs/zhangcheng/listZszc--schId-875.dhtml,江苏省,连云港市,,9034
349,6608,本科二批第一次,文科,30,广州城市理工学院（民办）,K62,1:1,382,382,30,31,0,https://gaokao.chsi.com.cn/zsgs/zhangcheng/listZszc--schId-1247825.dhtml,广东省,广州市,,18266
350,6624,本科二批第一次,文科,12,河南工业大学,LJ3,1:1,417,417,12,13,0,https://gaokao.chsi.com.cn/zsgs/zhangcheng/listZszc--schId-364.dhtml,河南省,郑州市,,13376
351,6639,本科二批第一次,文科,2,湖南工程学院,103,1:1,456,456,2,2,0,https://gaokao.chsi.com.cn/zsgs/zhangcheng/listZszc--schId-780.dhtml,湖南省,湘潭市,,8255
352,6652,本科二批第二次,文科,8,山东英才学院（民办）,165,1:1,379,379,8,7,1,https://gaokao.chsi.com.cn/zsgs/zhangcheng/listZszc--schId-1470.dhtml,山东省,济南市,,18670
353,6668,本科二批第一次,文科,20,兰州财经大学,051,1:1,423,423,20,21,0,https://gaokao.chsi.com.cn/zsgs/zhangcheng/listZszc--schId-581.dhtml,甘肃省,兰州市,,5780
354,6673,本科二批第一次,文科,9,北京理工大学珠海学院（独立学院）,C21,1:1,400,400,9,9,0,https://gaokao.chsi.com.cn/zsgs/zhangcheng/listZszc--schId-1916.dhtml,广东省,珠海市,,9267
355,6685,本科二批第一次,文科,13,哈尔滨石油学院（民办）,C12,1:1,384,384,13,16,0,https://gaokao.chsi.com.cn/zsgs/zhangcheng/listZszc--schId-1643.dhtml,黑龙江省,哈尔滨市,,16696
356,6693,本科二批第一次,文科,2,吉林外国语大学（民办）,LR5,1:1,386,386,2,2,0,,吉林省,长春市,,17686
357,6702,本科二批第一次,文科,3,南阳理工学院,B96,1:1,459,459,3,4,0,https://gaokao.chsi.com.cn/zsgs/zhangcheng/listZszc--schId-880.dhtml,河南省,南阳市,,7411
358,6722,本科二批第一次,文科,4,安阳工学院,B88,1:1,403,403,4,6,0,https://gaokao.chsi.com.cn/zsgs/zhangcheng/listZszc--schId-775.dhtml,河南省,安阳市,,7873
359,6724,本科二批第一次,文科,8,邯郸学院,112,1:1,454,454,8,9,0,https://gaokao.chsi.com.cn/zsgs/zhangcheng/listZszc--schId-87.dhtml,河北省,邯郸市,,8107
360,6727,本科二批第一次,文科,50,银川科技学院（民办）,E85,1:1,379,379,50,48,2,https://gaokao.chsi.com.cn/zsgs/zhangcheng/listZszc--schId-6675760.dhtml,宁夏回族自治区,银川市,,18670
361,6732,本科二批第一次,文科,4,大连交通大学,238,1:1,449,449,4,5,0,https://gaokao.chsi.com.cn/zsgs/zhangcheng/listZszc--schId-126.dhtml,辽宁省,大连市,,9154
362,6735,本科二批第一次,文科,21,厦门大学嘉庚学院（独立学院）,A98,1:1,429,429,21,22,0,https://gaokao.chsi.com.cn/zsgs/zhangcheng/listZszc--schId-1764.dhtml,福建省,厦门市,,11586
363,6751,本科二批第一次,文科,4,南京艺术学院,910,1:1,470,470,4,6,0,https://gaokao.chsi.com.cn/zsgs/zhangcheng/listZszc--schId-253.dhtml,江苏省,南京市,,5295
364,6759,本科二批第一次,文科,8,四川外国语大学,887,1:1,470,470,8,8,0,https://gaokao.chsi.com.cn/zsgs/zhangcheng/listZszc--schId-502.dhtml,重庆市,重庆市,,6374
365,6766,本科二批第一次,文科,12,山西财经大学,056,1:1,435,435,12,13,0,https://gaokao.chsi.com.cn/zsgs/zhangcheng/listZszc--schId-106.dhtml,山西省,太原市,,7184
366,6768,本科二批第二次,文科,33,吉林师范大学博达学院（独立学院）,E22,1:1,382,382,33,36,0,https://gaokao.chsi.com.cn/zsgs/zhangcheng/listZszc--schId-1867.dhtml,吉林省,吉林市,,18266
367,6771,本科二批第一次,文科,120,河套学院,L13,1:1,397,397,120,131,0,https://gaokao.chsi.com.cn/zsgs/zhangcheng/listZszc--schId-871.dhtml,内蒙古自治区,巴彦淖尔市,,15057
368,6776,本科二批第一次,文科,10,河北科技师范学院,580,1:1,469,469,10,10,0,https://gaokao.chsi.com.cn/zsgs/zhangcheng/listZszc--schId-604.dhtml,河北省,秦皇岛市,,5780
369,6810,本科二批第一次,文科,25,黑河学院,876,1:1,390,390,25,27,0,https://gaokao.chsi.com.cn/zsgs/zhangcheng/listZszc--schId-1983.dhtml,黑龙江省,黑河市,,8883
370,6813,本科二批第一次,文科,6,南京工程学院,100,1:1,455,455,6,6,0,https://gaokao.chsi.com.cn/zsgs/zhangcheng/listZszc--schId-754.dhtml,江苏省,南京市,,8398
371,6820,本科二批第一次,文科,20,赣南师范大学,A06,1:1,388,388,20,22,0,https://gaokao.chsi.com.cn/zsgs/zhangcheng/listZszc--schId-327.dhtml,江西省,赣州市,,10173
372,6824,本科二批第一次,文科,12,合肥学院,J49,1:1,424,424,12,14,0,https://gaokao.chsi.com.cn/zsgs/zhangcheng/listZszc--schId-706.dhtml,安徽省,合肥市,,12423
373,6825,本科二批第一次,文科,26,重庆人文科技学院（民办）,090,1:1,384,384,26,27,0,https://gaokao.chsi.com.cn/zsgs/zhangcheng/listZszc--schId-1807.dhtml,重庆市,重庆市,,12423
374,6830,本科二批第一次,文科,10,天津仁爱学院（民办）,E14,1:1,379,379,10,10,0,https://gaokao.chsi.com.cn/zsgs/zhangcheng/listZszc--schId-481255.dhtml,天津市,天津市,,14357
375,6864,本科二批第一次,文科,5,柳州工学院（民办）,H53,1:1,387,387,5,6,0,https://gaokao.chsi.com.cn/zsgs/zhangcheng/listZszc--schId-1880.dhtml,广西壮族自治区,柳州市,,17548
376,6876,本科二批第一次,文科,4,兰州财经大学,LVK,1:1,447,447,4,4,0,,甘肃省,兰州市,,9388
377,6879,本科二批第一次,文科,9,天水师范学院,G15,1:1,432,432,9,9,0,https://gaokao.chsi.com.cn/zsgs/zhangcheng/listZszc--schId-579.dhtml,甘肃省,天水市,,11329
378,6919,本科二批第一次,文科,6,上海应用技术大学,217,1:1,449,449,6,6,0,https://gaokao.chsi.com.cn/zsgs/zhangcheng/listZszc--schId-205.dhtml,上海市,上海市,,6832
379,6923,本科二批第一次,文科,6,西北师范大学,958,1:1,469,469,6,12,0,https://gaokao.chsi.com.cn/zsgs/zhangcheng/listZszc--schId-576.dhtml,甘肃省,兰州市,,3183
380,6928,本科二批第一次,文科,4,三明学院,G20,1:1,414,414,4,5,0,https://gaokao.chsi.com.cn/zsgs/zhangcheng/listZszc--schId-762.dhtml,福建省,三明市,,10303
381,6929,本科二批第二次,文科,487,呼伦贝尔学院,766,1:1,403,403,487,502,0,https://gaokao.chsi.com.cn/zsgs/zhangcheng/listZszc--schId-608.dhtml,内蒙古自治区,呼伦贝尔市,,15309
382,6931,本科二批第一次,文科,4,扬州大学广陵学院（独立学院）,K74,1:1,425,425,4,4,0,https://gaokao.chsi.com.cn/zsgs/zhangcheng/listZszc--schId-7464922.dhtml,江苏省,扬州市,,12275
383,6933,本科二批第一次,文科,5,喀什大学,857,1:1,408,408,5,7,0,https://gaokao.chsi.com.cn/zsgs/zhangcheng/listZszc--schId-596.dhtml,新疆维吾尔自治区,喀什地区,,9517
384,6948,本科二批第一次,文科,18,河北经贸大学,645,1:1,446,446,18,19,0,https://gaokao.chsi.com.cn/zsgs/zhangcheng/listZszc--schId-931.dhtml,河北省,石家庄市,,8107
385,6951,本科二批第一次,文科,10,商丘师范学院,322,1:1,414,414,10,11,0,https://gaokao.chsi.com.cn/zsgs/zhangcheng/listZszc--schId-380.dhtml,河南省,商丘市,,10816
386,6952,本科二批第一次,文科,25,大连大学,823,1:1,441,441,25,28,0,https://gaokao.chsi.com.cn/zsgs/zhangcheng/listZszc--schId-750.dhtml,辽宁省,大连市,,10173
387,6955,本科二批第二次,文科,61,内蒙古艺术学院,K91,1:1,385,385,61,66,0,https://gaokao.chsi.com.cn/zsgs/zhangcheng/listZszc--schId-1449594374.dhtml,内蒙古自治区,呼和浩特市,,17842
388,6968,本科二批第一次,文科,2,宁夏师范学院,B32,1:1,393,393,2,2,0,https://gaokao.chsi.com.cn/zsgs/zhangcheng/listZszc--schId-589.dhtml,宁夏回族自治区,固原市,,16696
389,6976,本科二批第一次,文科,7,河北外国语学院（民办）,C55,1:1,379,379,7,7,0,https://gaokao.chsi.com.cn/zsgs/zhangcheng/listZszc--schId-1721.dhtml,河北省,石家庄市,,17992
390,6998,本科二批第一次,文科,9,西华大学,546,1:1,469,469,9,9,0,https://gaokao.chsi.com.cn/zsgs/zhangcheng/listZszc--schId-480.dhtml,四川省,成都市,,5193
391,7007,本科二批第一次,文科,5,长春工程学院,430,1:1,405,405,5,6,0,https://gaokao.chsi.com.cn/zsgs/zhangcheng/listZszc--schId-809.dhtml,吉林省,长春市,,15057
392,7045,本科二批第一次,文科,3,赣东学院,A70,1:1,397,397,3,5,0,https://gaokao.chsi.com.cn/zsgs/zhangcheng/listZszc--schId-2125.dhtml,江西省,抚州市,,11329
393,7059,本科二批第一次,文科,20,烟台南山学院（民办）,124,1:1,385,385,20,23,0,https://gaokao.chsi.com.cn/zsgs/zhangcheng/listZszc--schId-1023.dhtml,山东省,烟台市,,15875
394,7063,本科二批第一次,文科,15,吉林工商学院,190,1:1,396,396,15,15,0,https://gaokao.chsi.com.cn/zsgs/zhangcheng/listZszc--schId-751.dhtml,吉林省,长春市,,6623
395,7073,本科二批第一次,文科,2,南京工业职业技术大学,885,1:1,418,418,2,2,0,,江苏省,南京市,,10816
396,7080,本科二批第一次,文科,388,内蒙古科技大学包头师范学院,757,1:1,389,389,388,398,0,https://gaokao.chsi.com.cn/zsgs/zhangcheng/listZszc--schId-6433938.dhtml,内蒙古自治区,包头市,,10816
397,7081,本科二批第一次,文科,651,内蒙古财经大学,754,1:1,388,388,651,679,0,https://gaokao.chsi.com.cn/zsgs/zhangcheng/listZszc--schId-115.dhtml,内蒙古自治区,呼和浩特市,,12009
398,7084,本科二批第一次,文科,29,洛阳师范学院,A92,1:1,400,400,29,30,0,https://gaokao.chsi.com.cn/zsgs/zhangcheng/listZszc--schId-379.dhtml,河南省,洛阳市,,13783
399,7095,本科二批第一次,文科,6,兰州交通大学,241,1:1,427,427,6,6,0,https://gaokao.chsi.com.cn/zsgs/zhangcheng/listZszc--schId-573.dhtml,甘肃省,兰州市,,4557
400,7096,本科二批第一次,文科,4,景德镇陶瓷大学,228,1:1,413,413,4,4,0,https://gaokao.chsi.com.cn/zsgs/zhangcheng/listZszc--schId-319.dhtml,江西省,景德镇市,,6732
401,7101,本科二批第一次,文科,64,黑龙江科技大学,457,1:1,429,429,64,67,0,https://gaokao.chsi.com.cn/zsgs/zhangcheng/listZszc--schId-178.dhtml,黑龙江省,哈尔滨市,,6732
402,7105,本科二批第三次,文科,24,上海外国语大学贤达经济人文学院（独立学院）,E84,1:1,379,379,24,20,4,https://gaokao.chsi.com.cn/zsgs/zhangcheng/listZszc--schId-1878.dhtml,上海市,上海市,,18670
403,7110,本科二批第一次,文科,8,山西农业大学,680,1:1,426,426,8,9,0,https://gaokao.chsi.com.cn/zsgs/zhangcheng/listZszc--schId-95.dhtml,山西省,晋中市,,9650
404,7112,本科二批第一次,文科,12,周口师范学院,151,1:1,389,389,12,14,0,https://gaokao.chsi.com.cn/zsgs/zhangcheng/listZszc--schId-375.dhtml,河南省,周口市,,13227
405,7120,本科二批第一次,文科,16,潍坊学院,966,1:1,413,413,16,17,0,https://gaokao.chsi.com.cn/zsgs/zhangcheng/listZszc--schId-711.dhtml,山东省,潍坊市,,9517
406,7139,本科二批第一次,文科,5,湖州师范学院,510,1:1,441,441,5,5,0,https://gaokao.chsi.com.cn/zsgs/zhangcheng/listZszc--schId-266.dhtml,浙江省,湖州市,,5476
407,7144,本科二批第一次,文科,7,北京城市学院（民办）,528,1:1,398,398,7,7,0,https://gaokao.chsi.com.cn/zsgs/zhangcheng/listZszc--schId-800.dhtml,北京市,北京市,,12726
408,7148,本科二批第一次,文科,2,东莞理工学院,M42,1:1,469,469,2,3,0,https://gaokao.chsi.com.cn/zsgs/zhangcheng/listZszc--schId-922.dhtml,广东省,东莞市,,6732
409,7189,本科二批第一次,文科,12,百色学院,K55,1:1,391,391,12,12,0,https://gaokao.chsi.com.cn/zsgs/zhangcheng/listZszc--schId-468.dhtml,广西壮族自治区,百色市,,11465
410,7190,本科二批第二次,文科,166,河套学院,772,1:1,396,396,166,175,0,https://gaokao.chsi.com.cn/zsgs/zhangcheng/listZszc--schId-871.dhtml,内蒙古自治区,巴彦淖尔市,,16308
411,7195,本科二批第一次,文科,10,重庆文理学院,527,1:1,428,428,10,11,0,https://gaokao.chsi.com.cn/zsgs/zhangcheng/listZszc--schId-496.dhtml,重庆市,重庆市,,11465
412,7201,本科二批第一次,文科,6,河西学院,M73,1:1,397,397,6,7,0,https://gaokao.chsi.com.cn/zsgs/zhangcheng/listZszc--schId-580.dhtml,甘肃省,张掖市,,6732
413,7229,本科二批第一次,文科,5,齐齐哈尔大学,343,1:1,415,415,5,5,0,https://gaokao.chsi.com.cn/zsgs/zhangcheng/listZszc--schId-188.dhtml,黑龙江省,齐齐哈尔市,,11719
414,7232,本科二批第一次,文科,2,兰州石化职业技术大学,P56,1:1,435,435,2,2,0,,甘肃省,兰州市,,10940
415,7241,本科二批第一次,文科,8,重庆三峡学院,B20,1:1,409,409,8,9,0,https://gaokao.chsi.com.cn/zsgs/zhangcheng/listZszc--schId-497.dhtml,重庆市,重庆市,,14492
416,7258,本科二批第一次,文科,10,山西大同大学,A18,1:1,428,428,10,12,0,https://gaokao.chsi.com.cn/zsgs/zhangcheng/listZszc--schId-101.dhtml,山西省,大同市,,11868
417,7259,本科二批第一次,文科,4,山西医科大学,LR4,1:1,444,444,4,4,0,,山西省,太原市,,9776
418,7263,本科二批第一次,文科,3,延边大学,837,1:1,427,427,3,3,0,https://gaokao.chsi.com.cn/zsgs/zhangcheng/listZszc--schId-155.dhtml,吉林省,延边朝鲜族自治州,"['211', 'DFC']",12009
419,7266,本科二批第一次,文科,5,昆明理工大学,425,1:1,449,449,5,5,0,https://gaokao.chsi.com.cn/zsgs/zhangcheng/listZszc--schId-524.dhtml,云南省,昆明市,,7762
420,7270,本科二批第一次,文科,27,洛阳理工学院,596,1:1,407,407,27,28,0,https://gaokao.chsi.com.cn/zsgs/zhangcheng/listZszc--schId-714.dhtml,河南省,洛阳市,,9897
421,7301,本科二批第一次,文科,2,沈阳音乐学院,803,1:1,424,424,2,2,0,https://gaokao.chsi.com.cn/zsgs/zhangcheng/listZszc--schId-148.dhtml,辽宁省,沈阳市,,12423
422,7304,本科二批第一次,文科,6,云南民族大学,154,1:1,454,454,6,7,0,https://gaokao.chsi.com.cn/zsgs/zhangcheng/listZszc--schId-539.dhtml,云南省,昆明市,,6374
423,7309,本科二批第一次,文科,6,东北电力大学,LF5,1:1,428,428,6,6,0,https://gaokao.chsi.com.cn/zsgs/zhangcheng/listZszc--schId-157.dhtml,吉林省,吉林市,,11868
424,7315,本科二批第一次,文科,5,信阳师范学院,666,1:1,441,441,5,6,0,https://gaokao.chsi.com.cn/zsgs/zhangcheng/listZszc--schId-374.dhtml,河南省,信阳市,,10173
425,7325,本科二批第一次,文科,11,江西科技师范大学,611,1:1,443,443,11,11,0,https://gaokao.chsi.com.cn/zsgs/zhangcheng/listZszc--schId-768.dhtml,江西省,南昌市,,7537
426,7335,本科二批第一次,文科,4,韩山师范学院,085,1:1,426,426,4,4,0,https://gaokao.chsi.com.cn/zsgs/zhangcheng/listZszc--schId-442.dhtml,广东省,潮州市,,8634
427,7343,本科二批第一次,文科,20,青岛工学院（民办）,E48,1:1,383,383,20,23,0,https://gaokao.chsi.com.cn/zsgs/zhangcheng/listZszc--schId-406136.dhtml,山东省,青岛市,,18130
428,7357,本科二批第一次,文科,6,湖北经济学院,B46,1:1,434,434,6,6,0,https://gaokao.chsi.com.cn/zsgs/zhangcheng/listZszc--schId-860.dhtml,湖北省,武汉市,,11066
429,7377,本科二批第一次,文科,8,大连理工大学城市学院（独立学院）,A53,1:1,380,380,8,8,0,https://gaokao.chsi.com.cn/zsgs/zhangcheng/listZszc--schId-1565.dhtml,辽宁省,大连市,,12423
430,7381,本科二批第一次,文科,37,大连财经学院（民办）,C00,1:1,379,379,37,36,1,https://gaokao.chsi.com.cn/zsgs/zhangcheng/listZszc--schId-1585.dhtml,辽宁省,大连市,,15715
431,7394,本科二批第一次,文科,6,河南农业大学,590,1:1,447,447,6,6,0,https://gaokao.chsi.com.cn/zsgs/zhangcheng/listZszc--schId-367.dhtml,河南省,郑州市,,9388
432,7420,本科二批第一次,文科,2,沈阳大学,938,1:1,479,479,2,3,0,https://gaokao.chsi.com.cn/zsgs/zhangcheng/listZszc--schId-690.dhtml,辽宁省,沈阳市,,5673
433,7423,本科二批第一次,文科,8,淮北师范大学,455,1:1,409,409,8,8,0,https://gaokao.chsi.com.cn/zsgs/zhangcheng/listZszc--schId-289.dhtml,安徽省,淮北市,,5780
434,7426,本科二批第一次,文科,10,四川文理学院,M68,1:1,428,428,10,10,0,https://gaokao.chsi.com.cn/zsgs/zhangcheng/listZszc--schId-498.dhtml,四川省,达州市,,11868
435,7434,本科二批第一次,文科,8,山东理工大学,197,1:1,466,466,8,9,0,https://gaokao.chsi.com.cn/zsgs/zhangcheng/listZszc--schId-338.dhtml,山东省,淄博市,,4384
436,7442,本科二批第一次,文科,8,南宁师范大学,B31,1:1,421,421,8,9,0,https://gaokao.chsi.com.cn/zsgs/zhangcheng/listZszc--schId-462.dhtml,广西壮族自治区,南宁市,,5564
437,7452,本科二批第一次,文科,4,湖南农业大学,065,1:1,466,466,4,4,0,https://gaokao.chsi.com.cn/zsgs/zhangcheng/listZszc--schId-414.dhtml,湖南省,长沙市,,7074
438,7455,本科二批第一次,文科,5,盐城师范学院,141,1:1,440,440,5,7,0,https://gaokao.chsi.com.cn/zsgs/zhangcheng/listZszc--schId-249.dhtml,江苏省,盐城市,,10303
439,7463,本科二批第一次,文科,6,青岛黄海学院（民办）,861,1:1,387,387,6,7,0,https://gaokao.chsi.com.cn/zsgs/zhangcheng/listZszc--schId-1655.dhtml,山东省,青岛市,,15057
440,7468,本科二批第一次,文科,34,塔里木大学,075,1:1,407,407,34,36,0,https://gaokao.chsi.com.cn/zsgs/zhangcheng/listZszc--schId-591.dhtml,新疆维吾尔自治区,阿拉尔市,,14756
441,7479,本科二批第一次,文科,4,张家口学院,K42,1:1,429,429,4,5,0,https://gaokao.chsi.com.cn/zsgs/zhangcheng/listZszc--schId-5480183.dhtml,河北省,张家口市,,11719
442,7495,本科二批第一次,文科,4,云南财经大学,B24,1:1,467,467,4,5,0,https://gaokao.chsi.com.cn/zsgs/zhangcheng/listZszc--schId-537.dhtml,云南省,昆明市,,6953
443,7499,本科二批第一次,文科,60,长春大学旅游学院（独立学院）,B77,1:1,383,383,60,66,0,https://gaokao.chsi.com.cn/zsgs/zhangcheng/listZszc--schId-1868.dhtml,吉林省,长春市,,16961
444,7500,本科二批第一次,文科,2,郑州工程技术学院,599,1:1,426,426,2,3,0,https://gaokao.chsi.com.cn/zsgs/zhangcheng/listZszc--schId-712.dhtml,河南省,郑州市,,12136
445,7502,本科二批第一次,文科,20,吉林工程技术师范学院,842,1:1,404,404,20,22,0,https://gaokao.chsi.com.cn/zsgs/zhangcheng/listZszc--schId-167.dhtml,吉林省,长春市,,12726
446,7504,本科二批第一次,文科,155,赤峰学院,L08,1:1,400,400,155,163,0,https://gaokao.chsi.com.cn/zsgs/zhangcheng/listZszc--schId-114.dhtml,内蒙古自治区,赤峰市,,14081
447,7525,本科二批第一次,文科,10,沧州交通学院（民办）,F99,1:1,391,391,10,13,0,https://gaokao.chsi.com.cn/zsgs/zhangcheng/listZszc--schId-6680074.dhtml,河北省,沧州市,,16961
448,7541,本科二批第一次,文科,12,湖南女子学院,699,1:1,403,403,12,13,0,https://gaokao.chsi.com.cn/zsgs/zhangcheng/listZszc--schId-843.dhtml,湖南省,长沙市,,15309
449,7551,本科二批第一次,文科,10,河南工业大学,053,1:1,445,445,10,12,0,https://gaokao.chsi.com.cn/zsgs/zhangcheng/listZszc--schId-364.dhtml,河南省,郑州市,,6953
450,7592,本科二批第一次,文科,301,赤峰学院,767,1:1,409,409,301,313,0,https://gaokao.chsi.com.cn/zsgs/zhangcheng/listZszc--schId-114.dhtml,内蒙古自治区,赤峰市,,8107
451,7615,本科二批第一次,文科,27,哈尔滨师范大学,668,1:1,442,442,27,30,0,https://gaokao.chsi.com.cn/zsgs/zhangcheng/listZszc--schId-187.dhtml,黑龙江省,哈尔滨市,,9267
452,7619,本科二批第一次,文科,40,重庆移通学院（民办）,499,1:1,386,386,40,40,0,https://gaokao.chsi.com.cn/zsgs/zhangcheng/listZszc--schId-1870.dhtml,重庆市,重庆市,,17390
453,7622,本科二批第一次,文科,10,山东交通学院,252,1:1,434,434,10,10,0,https://gaokao.chsi.com.cn/zsgs/zhangcheng/listZszc--schId-833.dhtml,山东省,济南市,,11066
454,7626,本科二批第一次,文科,16,郑州轻工业大学,223,1:1,445,445,16,16,0,https://gaokao.chsi.com.cn/zsgs/zhangcheng/listZszc--schId-363.dhtml,河南省,郑州市,,9154
455,7650,本科二批第一次,文科,60,内蒙古农业大学,L06,1:1,418,418,60,65,0,https://gaokao.chsi.com.cn/zsgs/zhangcheng/listZszc--schId-110.dhtml,内蒙古自治区,呼和浩特市,,11586
456,7652,本科二批第一次,文科,6,湖北民族大学,868,1:1,444,444,6,7,0,https://gaokao.chsi.com.cn/zsgs/zhangcheng/listZszc--schId-399.dhtml,湖北省,恩施土家族苗族自治州,,5964
457,7658,本科二批第一次,文科,18,吉首大学,701,1:1,431,431,18,19,0,https://gaokao.chsi.com.cn/zsgs/zhangcheng/listZszc--schId-409.dhtml,湖南省,湘西土家族苗族自治州,,5673
458,7660,本科二批第一次,文科,7,云南师范大学,325,1:1,463,463,7,7,0,https://gaokao.chsi.com.cn/zsgs/zhangcheng/listZszc--schId-530.dhtml,云南省,昆明市,,6063
459,7668,本科二批第一次,文科,11,白城师范学院,852,1:1,448,448,11,11,0,https://gaokao.chsi.com.cn/zsgs/zhangcheng/listZszc--schId-169.dhtml,吉林省,白城市,,7411
460,7683,本科二批第一次,文科,2,长江师范学院,159,1:1,481,481,2,3,0,https://gaokao.chsi.com.cn/zsgs/zhangcheng/listZszc--schId-500.dhtml,重庆市,重庆市,,5476
461,7697,本科二批第一次,文科,3,成都银杏酒店管理学院（民办）,F43,1:1.05,395,390,4,4,0,https://gaokao.chsi.com.cn/zsgs/zhangcheng/listZszc--schId-1911.dhtml,四川省,成都市,,16438
462,7748,本科二批第一次,文科,7,东北电力大学,132,1:1,436,436,7,9,0,https://gaokao.chsi.com.cn/zsgs/zhangcheng/listZszc--schId-157.dhtml,吉林省,吉林市,,5780
463,7752,本科二批第一次,文科,7,天津天狮学院（民办）,561,1:1,383,383,7,7,0,https://gaokao.chsi.com.cn/zsgs/zhangcheng/listZszc--schId-642.dhtml,天津市,天津市,,17842
464,7757,本科二批第一次,文科,2,成都锦城学院（民办）,E40,1:1,396,396,2,2,0,https://gaokao.chsi.com.cn/zsgs/zhangcheng/listZszc--schId-5123576.dhtml,四川省,成都市,,16308
465,7777,本科二批第一次,文科,25,海口经济学院（民办）,926,1:1,379,379,25,23,2,https://gaokao.chsi.com.cn/zsgs/zhangcheng/listZszc--schId-1010.dhtml,海南省,海口市,,18406
466,7780,本科二批第二次,文科,150,内蒙古师范大学,L07,1:1,408,408,150,158,0,https://gaokao.chsi.com.cn/zsgs/zhangcheng/listZszc--schId-112.dhtml,内蒙古自治区,呼和浩特市,,14636
467,7782,本科二批第一次,文科,5,聊城大学,063,1:1,484,484,5,6,0,https://gaokao.chsi.com.cn/zsgs/zhangcheng/listZszc--schId-350.dhtml,山东省,聊城市,,5193
468,7818,本科二批第一次,文科,7,武汉晴川学院（民办）,H41,1:1,385,385,7,8,0,https://gaokao.chsi.com.cn/zsgs/zhangcheng/listZszc--schId-5324312.dhtml,湖北省,武汉市,,17842
469,7838,本科二批第一次,文科,12,山东工商学院,LA2,1:1,408,408,12,12,0,https://gaokao.chsi.com.cn/zsgs/zhangcheng/listZszc--schId-889.dhtml,山东省,烟台市,,14636
470,7845,本科二批第一次,文科,112,内蒙古民族大学,L09,1:1,401,401,112,119,0,https://gaokao.chsi.com.cn/zsgs/zhangcheng/listZszc--schId-113.dhtml,内蒙古自治区,通辽市,,14636
471,7846,本科二批第一次,文科,16,长春工业大学,346,1:1,429,429,16,17,0,https://gaokao.chsi.com.cn/zsgs/zhangcheng/listZszc--schId-158.dhtml,吉林省,长春市,,9650
472,7895,本科二批第一次,文科,158,内蒙古民族大学,761,1:1,418,418,158,166,0,https://gaokao.chsi.com.cn/zsgs/zhangcheng/listZszc--schId-113.dhtml,内蒙古自治区,通辽市,,12423
473,7921,本科二批第一次,文科,5,福建农林大学,147,1:1,453,453,5,5,0,https://gaokao.chsi.com.cn/zsgs/zhangcheng/listZszc--schId-303.dhtml,福建省,福州市,,8634
474,7923,本科二批第一次,文科,4,宜春学院,044,1:1,404,404,4,4,0,https://gaokao.chsi.com.cn/zsgs/zhangcheng/listZszc--schId-326.dhtml,江西省,宜春市,,15184
475,7951,本科二批第一次,文科,40,内蒙古医科大学,758,1:1,428,428,40,44,0,https://gaokao.chsi.com.cn/zsgs/zhangcheng/listZszc--schId-111.dhtml,内蒙古自治区,呼和浩特市,,11868
476,7952,本科二批第一次,文科,75,呼伦贝尔学院,L11,1:1,394,394,75,88,0,https://gaokao.chsi.com.cn/zsgs/zhangcheng/listZszc--schId-608.dhtml,内蒙古自治区,呼伦贝尔市,,16180
477,7969,本科二批第一次,文科,10,湖南城市学院,628,1:1,425,425,10,10,0,https://gaokao.chsi.com.cn/zsgs/zhangcheng/listZszc--schId-838.dhtml,湖南省,益阳市,,8107
478,7987,本科二批第一次,文科,6,甘肃中医药大学,P25,1:1,411,411,6,8,0,,甘肃省,兰州市,,7537
479,8007,本科二批第一次,文科,21,山东工商学院,447,1:1,423,423,21,22,0,https://gaokao.chsi.com.cn/zsgs/zhangcheng/listZszc--schId-889.dhtml,山东省,烟台市,,9776
480,8033,本科二批第二次,文科,158,内蒙古农业大学,755,1:1,406,406,158,166,0,https://gaokao.chsi.com.cn/zsgs/zhangcheng/listZszc--schId-110.dhtml,内蒙古自治区,呼和浩特市,,14913
481,8043,本科二批第一次,文科,22,大连民族大学,L61,1:1,446,446,22,26,0,https://gaokao.chsi.com.cn/zsgs/zhangcheng/listZszc--schId-949.dhtml,辽宁省,大连市,,9517
482,8058,本科二批第一次,文科,2,盐城工学院,E83,1:1,433,433,2,2,0,https://gaokao.chsi.com.cn/zsgs/zhangcheng/listZszc--schId-240.dhtml,江苏省,盐城市,,11191
483,8086,本科二批第一次,文科,7,上饶师范学院,659,1:1,389,389,7,8,0,https://gaokao.chsi.com.cn/zsgs/zhangcheng/listZszc--schId-325.dhtml,江西省,上饶市,,7537
484,8087,本科二批第一次,文科,32,许昌学院,598,1:1,407,407,32,34,0,https://gaokao.chsi.com.cn/zsgs/zhangcheng/listZszc--schId-377.dhtml,河南省,许昌市,,7653
485,8091,本科二批第一次,文科,8,保定学院,089,1:1,416,416,8,10,0,https://gaokao.chsi.com.cn/zsgs/zhangcheng/listZszc--schId-81.dhtml,河北省,保定市,,11719
486,8122,本科二批第一次,文科,8,黑龙江八一农垦大学,874,1:1,415,415,8,8,0,https://gaokao.chsi.com.cn/zsgs/zhangcheng/listZszc--schId-181.dhtml,黑龙江省,大庆市,,6732
487,8126,本科二批第一次,文科,4,红河学院,B33,1:1,398,398,4,4,0,https://gaokao.chsi.com.cn/zsgs/zhangcheng/listZszc--schId-536.dhtml,云南省,红河哈尼族彝族自治州,,16011
488,8135,本科二批第一次,文科,20,吉林师范大学,851,1:1,429,429,20,22,0,https://gaokao.chsi.com.cn/zsgs/zhangcheng/listZszc--schId-166.dhtml,吉林省,四平市,,5000
489,8139,本科二批第一次,文科,9,临沂大学,418,1:1,464,464,9,9,0,https://gaokao.chsi.com.cn/zsgs/zhangcheng/listZszc--schId-354.dhtml,山东省,临沂市,,7292
490,8147,本科二批第一次,文科,10,吉林师范大学,L96,1:1,400,400,10,10,0,https://gaokao.chsi.com.cn/zsgs/zhangcheng/listZszc--schId-166.dhtml,吉林省,四平市,,11719
491,8151,本科二批第一次,文科,6,上海师范大学天华学院（独立学院）,578,1:1,379,379,6,6,0,https://gaokao.chsi.com.cn/zsgs/zhangcheng/listZszc--schId-6251114.dhtml,上海市,上海市,,15431
492,8168,本科二批第一次,文科,98,鄂尔多斯应用技术学院,K92,1:1,402,402,98,104,0,https://gaokao.chsi.com.cn/zsgs/zhangcheng/listZszc--schId-1450436349.dhtml,内蒙古自治区,鄂尔多斯市,,13783
493,8291,本科二批第一次,文科,12,湖南工学院,695,1:1,427,427,12,13,0,https://gaokao.chsi.com.cn/zsgs/zhangcheng/listZszc--schId-839.dhtml,湖南省,衡阳市,,12009
494,8410,本科二批第一次,文科,6,辽宁师范大学,016,1:1,448,448,6,8,0,https://gaokao.chsi.com.cn/zsgs/zhangcheng/listZszc--schId-139.dhtml,辽宁省,大连市,,9267
495,8421,本科二批第一次,文科,16,沈阳师范大学,LV7,1:1,402,402,16,17,0,,辽宁省,沈阳市,,15431
496,8436,本科二批第一次,文科,13,西北民族大学,LH1,1:1,429,429,13,14,0,https://gaokao.chsi.com.cn/zsgs/zhangcheng/listZszc--schId-582.dhtml,甘肃省,兰州市,,11719
497,8437,本科二批第一次,文科,53,西北民族大学,004,1:1,422,422,53,56,0,https://gaokao.chsi.com.cn/zsgs/zhangcheng/listZszc--schId-582.dhtml,甘肃省,兰州市,,5380
498,8446,本科二批第一次,文科,33,新疆政法学院,N80,1:1,398,398,33,37,0,https://gaokao.chsi.com.cn/zsgs/zhangcheng/listZszc--schId-1871.dhtml,新疆维吾尔自治区,图木舒克市,,11868
499,8456,本科二批第一次,文科,121,三亚学院（民办）,D58,1:1,379,379,121,133,0,https://gaokao.chsi.com.cn/zsgs/zhangcheng/listZszc--schId-402800.dhtml,海南省,三亚市,,18670
500,8458,本科二批第二次,文科,14,甘肃政法大学,957,1:1,417,417,14,15,0,https://gaokao.chsi.com.cn/zsgs/zhangcheng/listZszc--schId-432333.dhtml,甘肃省,兰州市,,5964
501,8464,本科二批第一次,文科,6,大连艺术学院（民办）,716,1:1,379,379,6,6,0,https://gaokao.chsi.com.cn/zsgs/zhangcheng/listZszc--schId-1844.dhtml,辽宁省,大连市,,17992
502,8474,本科二批第一次,文科,2,西安信息职业大学（民办）,724,1:1,383,383,2,3,0,https://gaokao.chsi.com.cn/zsgs/zhangcheng/listZszc--schId-1131421.dhtml,陕西省,西安市,,18130
503,8479,本科二批第一次,文科,180,内蒙古师范大学,752,1:1,407,407,180,187,0,https://gaokao.chsi.com.cn/zsgs/zhangcheng/listZszc--schId-112.dhtml,内蒙古自治区,呼和浩特市,,14756
504,8507,本科二批第一次,文科,50,大连东软信息学院（民办）,D30,1:1,380,380,50,57,0,https://gaokao.chsi.com.cn/zsgs/zhangcheng/listZszc--schId-1874.dhtml,辽宁省,大连市,,17686
505,8509,本科二批第二次,文科,22,天津农学院,563,1:1,423,423,22,23,0,https://gaokao.chsi.com.cn/zsgs/zhangcheng/listZszc--schId-54.dhtml,天津市,天津市,,12567
506,8512,本科二批第一次,文科,7,辽宁科技大学,167,1:1,420,420,7,9,0,https://gaokao.chsi.com.cn/zsgs/zhangcheng/listZszc--schId-122.dhtml,辽宁省,鞍山市,,9650
507,8514,本科二批第一次,文科,31,沈阳工学院（民办）,D22,1:1,383,383,31,33,0,https://gaokao.chsi.com.cn/zsgs/zhangcheng/listZszc--schId-1568.dhtml,辽宁省,沈阳市,,16308
508,8526,本科二批第一次,文科,20,北华大学,846,1:1,425,425,20,21,0,https://gaokao.chsi.com.cn/zsgs/zhangcheng/listZszc--schId-164.dhtml,吉林省,吉林市,,7074
509,8533,本科二批第二次,文科,68,呼和浩特民族学院,L14,1:1,396,396,68,74,0,https://gaokao.chsi.com.cn/zsgs/zhangcheng/listZszc--schId-890.dhtml,内蒙古自治区,呼和浩特市,,16308
510,8534,本科二批第一次,文科,4,伊犁师范大学,246,1:1,391,391,4,4,0,https://gaokao.chsi.com.cn/zsgs/zhangcheng/listZszc--schId-597.dhtml,新疆维吾尔自治区,伊犁哈萨克自治州,,16961
511,8540,本科二批第一次,文科,258,呼和浩特民族学院,768,1:1,409,409,258,271,0,https://gaokao.chsi.com.cn/zsgs/zhangcheng/listZszc--schId-890.dhtml,内蒙古自治区,呼和浩特市,,12275
512,8541,本科二批第一次,文科,2,渭南师范学院,953,1:1,468,468,2,2,0,https://gaokao.chsi.com.cn/zsgs/zhangcheng/listZszc--schId-565.dhtml,陕西省,渭南市,,6832
