,id,CollegeCode,MajorCode,MajorName,PlanNature,PlannedEnrollmentCount,MajorLowestAdmissionScore,MajorRegisteredApplicantsCount,DurationOfStudy,TuitionFee,LocationOfSchool,MajorNotes,ranking
0,4,377,01,汉语言文学,非定向,2,566,2,4,6060,石牌校区,,654.0
1,16,304,01,文科试验班类（元培）,非定向,1,649,1,4,5300,校本部,包含专业：中国语言文学类、考古学、历史学类、哲学类、社会学类、法学、信息管理与信息系统、新闻传播学类、经济学类、工商管理类、公共管理类,
2,19,384,01,法学（民商法律）,非定向,2,583,2,4,6500,松江校区,,336.0
3,24,048,01,经济学（实验班）,非定向,1,490,1,4,4200,校本部,,4645.0
4,27,F98,01,工商管理类（中外合作办学）,非定向,4,528,5,4,88000,,专业课全英文授课，详见招生简章。包含专业：经济学(中外合作办学)、经济与金融(中外合作办学)、信息管理与信息系统(中外合作办学)、工商管理(中外合作办学)、市场营销(中外合作办学)、会计学(中外合作办学)、国际商务(中外合作办学)、人力资源管理(中外合作办学)、供应链管理(中外合作办学),2023.0
5,33,295,01,经济与金融,非定向,2,505,2,4,5060,校本部,,3490.0
6,42,630,01,中国语言文学类,非定向,3,522,3,4,5060,七一路校区,包含专业：汉语言文学、汉语国际教育,2367.0
7,48,737,01,汉语言文学,非定向,2,537,2,4,5060,主校区,,1592.0
8,51,B02,01,中医学（卓越1班、5+3一体化）,非定向,1,572,1,5,7500,长沙市,,530.0
9,57,306,01,汉语言文学（师范类）,非定向,2,518,2,4,5280,校本部,,2604.0
10,64,298,01,人文科学试验班,非定向,2,599,4,4,5460,思明校区,专业分流后到戏剧影视文学专业学费9360元/学年。包含专业：汉语言文学、戏剧影视文学、汉语言、历史学、考古学、哲学,148.0
11,67,E63,01,法学,非定向,8,532,10,4,5280,,,1820.0
12,68,964,01,会计学,非定向,2,538,2,4,6500,文翔路校区,,1540.0
13,70,764,01,金融学,非定向,20,470,2,4,4400,校本部,,6623.0
14,73,702,01,哲学,非定向,3,511,3,4,5300,校本部,,3043.0
15,74,925,01,金融学,非定向,1,540,1,4,4600,观澜湖校区,,1465.0
16,77,061,01,金融学类,非定向,4,589,5,4,5000,北京,包含专业：金融学、金融学(国际金融与市场)、经济与金融、投资学、保险学(含与大数据专业双学士学位项目),247.0
17,80,594,01,经济学类,非定向,3,487,3,4,5060,开封校区,包含专业：经济学、金融学、财政学、国际经济与贸易,4902.0
18,84,074,01,法学,非定向,2,568,2,4,5500,校本部,,611.0
19,85,025,01,财政学类,非定向,2,597,3,4,5000,按学校两校区建设规划和办学实际确定,包含专业：财政学、税收学,169.0
20,87,942,01,金融学,非定向,1,497,0,4,5000,长安校区,,4071.0
21,88,522,01,公共管理类,非定向,4,489,5,4,5000,校本部,包含专业：行政管理、土地资源管理、城市管理、城市管理(区域经济管理),4718.0
22,95,296,01,哲学,非定向,2,554,5,4,5000,甘肃兰州,,1008.0
23,101,562,01,汉语言文学（师范）,非定向,5,546,6,4,4400,主校区,,1254.0
24,105,875,01,哲学,非定向,2,491,2,4,2500,哈尔滨市,,4557.0
25,106,M32,01,思想政治教育,非定向,2,560,2,4,5000,主校区,,826.0
26,108,C98,01,工商管理类（中外合作办学）,非定向,4,506,4,4,100000,广东省珠海市,大类招生。工商管理专业培养创业与创新管理、电子商务与资讯系统管理、数字媒体管理方向；文化产业管理专业培养文化创意与管理，旅游、酒店与会展管理方向。原则上在第一学年第二学期开始前完成专业确认。高考英语单科成绩不低于95分。英文教学。包含专业：财务管理(中外合作办学)、人力资源管理(中外合作办学)、市场营销(中外合作办学)、工商管理(中外合作办学)、文化产业管理(中外合作办学),3407.0
27,109,327,01,汉语言文学（师范）,非定向,1,549,1,4,5200,苏州,,1162.0
28,113,381,01,会计学,非定向,2,523,5,4,5280,净月校区,,2319.0
29,123,801,01,汉语言文学,非定向,2,562,2,4,5520,沈阳蒲河校区,,771.0
30,124,042,01,汉语言文学（师范类）,非定向,3,518,6,4,,天门山校区,,2604.0
31,126,362,01,思想政治教育,非定向,1,501,1,4,,校本部,,3768.0
32,127,754,01,经济学,非定向,50,479,62,4,4400,西校区,,5673.0
33,133,035,01,金融学类,非定向,2,578,3,4,4600,柳林校区,包含专业：金融学、金融工程、信用管理、金融学(证券与期货方向)、投资学,420.0
34,134,711,01,汉语言文学,非定向,2,536,2,4,5175,坞城校区,,1630.0
35,135,006,01,哲学,非定向,3,507,3,4,4400,武侯校区,,3321.0
36,145,277,01,英语,非定向,1,571,1,4,7150,主校区,,548.0
37,147,551,01,外国语言文学类（英语类）,非定向,3,497,3,4,5400,马场道校区,包含专业：英语、翻译、商务英语,4071.0
38,154,029,02,财政学,非定向,4,526,4,4,5000,长安校区,,2140.0
39,155,603,02,工商管理,非定向,1,495,0,4,4800,浙江省温州市,,4212.0
40,166,007,02,政治学与行政学,非定向,2,524,2,4,4500,校本部,,2250.0
41,172,298,02,新闻传播学类,非定向,2,589,3,4,5460,思明校区,包含专业：新闻学、广播电视学、广告学、传播学、国际新闻与传播,247.0
42,174,E63,02,知识产权,非定向,2,506,3,4,5060,,,3407.0
43,175,964,02,财务管理,非定向,1,535,1,4,6500,文翔路校区,,1677.0
44,176,300,02,社会学类,非定向,2,549,2,4,5000,校本部,包含专业：社会学、社会工作、人类学,1162.0
45,177,925,02,国际经济与贸易,非定向,1,534,1,4,4600,观澜湖校区,,1728.0
46,180,061,02,经济学类,非定向,3,585,3,4,5000,北京,大类分流时完全按照志愿进行分流。包含专业：国际经济与贸易、财政学、税收学,301.0
47,183,377,02,历史学,非定向,2,546,2,4,6060,石牌校区,,1254.0
48,184,045,02,经济与贸易类,非定向,5,498,5,4,4500,江北校区,包含专业：贸易经济、国际经济与贸易,3994.0
49,190,303,02,社会科学试验班,非定向,18,583,18,4,,北洋园校区,5200元/年，分流后按专业收费。包含专业：建筑学、城乡规划、工商管理、财务管理、金融学、法学、教育学、马克思主义理论。,336.0
50,192,304,02,中国语言文学类,非定向,1,647,1,4,5000,校本部,包含专业：汉语言文学、汉语言、古典文献学,
51,197,522,02,工商管理类（工商学院）,非定向,4,525,4,4,5000,校本部,包含专业：工商管理、市场营销、电子商务、物流管理,2184.0
52,198,368,02,英语（英语教育）,非定向,2,540,2,4,5000,校本部,英语单科成绩不低于90分。考生双耳听力范围均不低于3米，不能有口吃等言语障碍。,1465.0
53,199,019,02,法学,非定向,13,597,13,4,5000,北京昌平,,169.0
54,206,363,02,法学（航空法）,非定向,1,548,2,4,5200,东丽校区,,1193.0
55,210,875,02,经济学,非定向,2,489,2,4,3500,哈尔滨市,,4718.0
56,212,C98,02,新闻传播学类（中外合作办学）,非定向,5,506,5,4,100000,广东省珠海市,大类招生。广告学专业培养公共关系与广告学方向；传播学专业培养媒体与传播学、媒体艺术与设计、影视学、动画与互动媒体、中华文化与国际传播方向。原则上在第一学年第二学期开始前完成专业确认。高考英语单科成绩不低于95分。英文教学。包含专业：广告学(中外合作办学)、传播学(中外合作办学),3407.0
57,213,281,02,金融学,非定向,2,536,2,4,5000,校本部,,1630.0
58,214,137,02,经济学类,非定向,2,537,2,4,6500,临港校区,包含专业：经济学(海运与物流经济)、国际经济与贸易、金融学(海运金融)、会计学、会计学(国际会计)、会计学(管理会计)、会计学(ACCA)、财务管理、工商管理、旅游管理、供应链管理,1592.0
59,215,K53,02,国民经济管理（中外合作办学）,非定向,2,588,1,4,60000,苏州校区,合作院校为法国保罗-瓦莱里大学，毕业时可获中法双学位并可赴该校攻读硕士。,264.0
60,216,327,02,汉语言文学（省拔尖人才培养基地）,非定向,1,582,1,4,5200,苏州,,347.0
61,220,754,02,能源经济,非定向,17,469,17,4,4400,西校区,,6732.0
62,222,074,02,社会学类,非定向,2,541,3,4,5500,校本部,包含专业：社会学、社会工作,1432.0
63,223,941,02,经济学,非定向,2,557,2,4,5500,长安校区,基地班,924.0
64,228,E76,02,财务管理（中外合作办学）,非定向,4,528,6,4,100000,宁波,英语单科不低于115分,2023.0
65,229,049,02,财政学类,非定向,2,536,2,4,5200,仙林校区,包含专业：财政学、税收学,1630.0
66,232,B02,02,中医学,非定向,2,551,2,5,7500,长沙市,,1095.0
67,235,441,02,社会学类,非定向,2,567,2,4,6500,宝山校区,该专业代表人文社科类。按类招生，第一学年末进行专业分流。包含专业：哲学、法学、知识产权、社会学、社会工作、汉语言文学、汉语国际教育、新闻学、广播电视学、广告学、网络与新媒体、会展,634.0
68,242,313,02,经济学类,非定向,2,571,2,4,5800,威海校区,包含专业：金融学(证券、银行方向)、金融学(保险方向)、国际经济与贸易,548.0
69,249,551,02,日语,非定向,2,488,2,4,5400,马场道校区,,4799.0
70,252,048,02,经济学,非定向,1,511,1,4,4200,校本部,,3043.0
71,253,564,02,工商管理类,非定向,5,494,3,4,4400,天津市,学校各专业的公共外语课程均为英语，小语种考生慎重填报。包含专业：市场营销、市场营销(国际营销班),4305.0
72,255,F98,02,建筑类（中外合作办学）,非定向,2,525,2,4,88000,,专业课全英文授课，详见招生简章。包含专业：建筑学(中外合作办学)、城乡规划(中外合作办学)、土木工程(中外合作办学),2184.0
73,259,E76,03,传播学（中外合作办学）,非定向,2,526,1,4,100000,宁波,英语单科不低于115分,2140.0
74,260,F98,03,数学类（中外合作办学）,非定向,2,526,2,4,88000,,专业课全英文授课，详见招生简章。包含专业：金融数学(中外合作办学)、精算学(中外合作办学)、数学与应用数学(中外合作办学)、数据科学与大数据技术(中外合作办学),2140.0
75,269,297,03,社会学类,非定向,2,561,3,4,5520,前卫南区,包含专业：社会学、社会工作、劳动与社会保障,797.0
76,280,B02,03,中西医临床医学,非定向,1,547,1,5,7500,长沙市,,1216.0
77,282,737,03,汉语国际教育,非定向,2,507,3,4,4400,主校区,外语语种：英语,3321.0
78,285,007,03,社会学类,非定向,2,489,3,4,4500,校本部,包含专业：社会学、社会工作,4718.0
79,287,020,03,社会学,非定向,2,489,3,4,4500,南湖校区,,4718.0
80,294,298,03,外国语言文学类,非定向,4,586,0,4,5460,思明校区,包含专业：英语、日语、法语、俄语、德语、西班牙语,288.0
81,297,300,03,经济学类,非定向,2,583,2,4,5800,校本部,含经济学拔尖2.0班（薛暮桥班）、彭实戈班、PPE新文科基地班等；不招收单色识别不全考生。包含专业：经济学、财政学、金融学、国际经济与贸易,336.0
82,299,605,03,公共管理类,非定向,5,537,3,4,4400,主校区,包含专业：行政管理、公共事业管理、社会工作、国际政治,1592.0
83,301,612,03,法学,非定向,2,530,2,4,5280,青岛校区,,1911.0
84,302,925,03,法学,非定向,2,556,2,4,4600,海甸校区,一年级在城西基础教学部,942.0
85,312,A08,03,法学（涉外卓越律师人才培养试点班）,非定向,1,562,1,4,6500,校本部,外语单科成绩须不低于105分,771.0
86,317,384,03,法学（经济法）,非定向,1,587,1,4,6500,松江校区,,274.0
87,319,025,03,金融学类,非定向,2,593,2,4,5000,按学校两校区建设规划和办学实际确定,包含专业：金融学、金融学(北京外国语大学英语专业联培),205.0
88,321,942,03,国际政治,非定向,1,497,0,4,5000,长安校区,,4071.0
89,329,879,03,中医学,非定向,2,545,2,5,5000,校本部,,1288.0
90,331,198,03,俄语,非定向,3,468,0,4,4800,主校区,,6832.0
91,333,363,03,英语（民航外语）,非定向,5,512,5,4,5800,东丽校区,,2994.0
92,337,M32,03,汉语言文学,非定向,2,573,3,4,5000,主校区,,511.0
93,338,C98,03,外国语言文学类（中外合作办学）,非定向,2,503,0,4,100000,广东省珠海市,大类招生。原则上在第一学年第二学期开始前完成专业确认。高考英语单科成绩不低于110分。英文教学。包含专业：英语(中外合作办学)、翻译(中外合作办学),3612.0
94,339,564,03,公共管理类,非定向,2,496,2,4,4400,天津市,学校各专业的公共外语课程均为英语，小语种考生慎重填报。包含专业：公共事业管理、劳动与社会保障、健康服务与管理,4144.0
95,340,281,03,国际经济与贸易,非定向,1,529,0,4,5000,校本部,,1963.0
96,342,327,03,新闻传播学类,非定向,1,560,1,4,5200,苏州,包含专业：新闻学、广告学、网络与新媒体,826.0
97,345,309,03,人文科学试验班,非定向,10,592,7,4,6500,上海,含双学位培养项目：德语-政治学与行政学，法学-英语。可参加拔尖人才培养特区选拔。包含专业：广播电视学、德语、英语、日语、哲学、文化产业管理、汉语言文学,213.0
98,346,019,03,法学（法学人才培养模式改革实验班）,非定向,2,613,2,4,5000,北京昌平,第一阶段四年基础学习必修课成绩排名前90%且考核合格的学生，获得我校免试攻读研究生推荐资格，通过我校接收选拔后，进入第二阶段即两年应用学习阶段的学习，合格后授予法律硕士学位。,72.0
99,347,381,03,新闻学,非定向,2,481,3,4,6200,净月校区,,5476.0
100,351,074,03,公共管理类,非定向,2,546,2,4,5500,校本部,包含专业：劳动与社会保障、公共事业管理,1254.0
101,353,210,03,法学（卓越实验班）,非定向,1,561,2,4,5000,昌平校区,,797.0
102,356,972,03,汉语言文学（文秘）,非定向,3,540,4,4,4400,校本部,,1465.0
103,360,362,03,英语,非定向,1,491,1,4,,校本部,高考英语单科成绩不低于110分。,4557.0
104,361,728,03,中医学,非定向,3,530,3,5,5488,,不招收色弱、色盲考生、（5+3）一体化,1911.0
105,363,K53,03,金融学（中外合作办学）,非定向,2,596,3,4,60000,苏州校区,合作院校为法国KEDGE商学院，毕业时可获中法双学位并可赴该校攻读硕士。,179.0
106,366,427,03,法学,非定向,1,548,1,4,4200,校本部,,1193.0
107,367,035,03,金融学（双语实验班）,非定向,1,580,1,4,8000,柳林校区,,386.0
108,368,757,03,思想政治教育（师范类）,非定向,77,480,82,4,4200,校本部,,5564.0
109,369,006,03,财政学,非定向,3,523,3,4,4400,航空港校区,,2319.0
110,370,286,03,经济学类,非定向,3,618,3,4,5000,北京市,无时点专业选择；入校后可参与选拔项目：经济学-数学、应用经济-数据科学、应用经济-农村区域发展管理、经济学-社会学、经济学-历史学5个双主学位项目，经济学（中国特色经济学方向）拔尖班；国际交流：含美国伊利诺伊大学香槟分校、威斯康星大学麦迪逊分校等联合培养项目。包含专业：经济学、国民经济管理、能源经济、国际经济与贸易、数字经济,48.0
111,372,313,03,工商管理类,非定向,3,546,4,4,5800,威海校区,包含专业：工商管理(数字化运营管理方向)、工商管理(数字营销方向)、工商管理(商务智能方向)、工商管理(旅游与大数据方向)、工商管理(组织与人力资本管理方向)、会计学、供应链管理,1254.0
112,378,282,03,汉语言文学,非定向,3,616,7,4,5720,鼓楼校区,,58.0
113,396,274,04,戏剧影视文学,非定向,1,532,1,4,13000,华山路校区,,1820.0
114,398,B02,04,针灸推拿学,非定向,1,523,2,5,7500,长沙市,,2319.0
115,400,286,04,新闻传播学类,非定向,1,631,1,4,5000,北京市,无时点专业选择；入校后可参与选拔项目：法学-新闻学（保研率超70%）、传播学-公共管理、新媒体运营-数据管理3个双主学位项目，创意传播实验班；国际交流：与哥伦比亚大学、加州大学戴维斯分校等世界知名大学新闻院系是姊妹院校合作关系，境外交流奖学金资助全员覆盖。包含专业：新闻学、广播电视学、广告学、传播学、国际新闻与传播,22.0
116,403,020,04,经济学类,非定向,1,567,1,4,4500,首义校区,包含专业：经济学、数字经济,634.0
117,409,796,04,中医学,非定向,1,569,2,5,7660,校本部,不招色盲色弱,596.0
118,413,E63,04,政治学与行政学（法治政务方向）,非定向,3,509,4,4,4400,,,3183.0
119,414,300,04,政治学类,非定向,2,575,2,4,5000,青岛校区,含PPE新文科基地班、“国际政治+英语”双学位班、华岗特色班（科学社会主义）。包含专业：政治学与行政学、国际政治,472.0
120,418,605,04,法学,非定向,3,562,3,4,4400,主校区,,771.0
121,421,594,04,法学,非定向,3,519,3,4,5060,开封校区,,2539.0
122,427,A08,04,法学（刑事司法方向）,非定向,2,556,4,4,6500,校本部,,942.0
123,430,378,04,汉语国际教育,非定向,2,501,2,4,5460,厦门校区,大一入住龙舟池校区,3768.0
124,436,942,04,外交学,非定向,1,507,2,4,5000,长安校区,,3321.0
125,438,368,04,商务英语（国际商业管理）,非定向,1,524,1,4,5000,校本部,英语单科成绩不低于90分。考生双耳听力范围均不低于3米，不能有口吃等言语障碍。,2250.0
126,448,564,04,中国语言文学类,非定向,4,508,6,4,4400,天津市,学校各专业的公共外语课程均为英语，小语种考生慎重填报。包含专业：汉语言、汉语国际教育,3251.0
127,453,M32,04,哲学,非定向,2,546,2,4,5000,主校区,,1254.0
128,454,026,04,财政学类,非定向,1,561,2,4,5720,校本部,学生大学二年级依据个人意愿、学习成绩、综合表现和学校相关规定在所录取专业类内确定专业。包含专业：财政学、税收学,797.0
129,455,281,04,国际政治,非定向,1,542,1,4,5000,校本部,,1399.0
130,459,309,04,社会科学试验班,非定向,4,598,6,4,6500,上海,含双学位培养项目：德语-政治学与行政学，法学-英语，土木工程-法学。可参加拔尖人才培养特区选拔。包含专业：法学、政治学与行政学,154.0
131,460,754,04,金融学,非定向,13,487,14,4,4400,西校区,,4902.0
132,465,018,04,经济学类,非定向,4,519,1,4,5000,校本部,包含专业：经济学、金融学、金融工程、国际经济与贸易,2539.0
133,466,074,04,英语,非定向,2,544,2,4,5500,校本部,,1321.0
134,467,427,04,知识产权,非定向,2,514,2,4,4200,校本部,,2857.0
135,472,F98,04,外国语言文学类（中外合作办学）,非定向,2,525,1,4,88000,,专业课全英文授课，详见招生简章。包含专业：英语(中外合作办学)、翻译(中外合作办学),2184.0
136,474,017,04,法学,非定向,17,575,19,4,5600,渝北校区,,472.0
137,478,711,04,旅游管理,非定向,2,506,1,4,5175,坞城校区,,3407.0
138,479,006,04,金融学类,非定向,7,489,7,4,4400,航空港校区,包含专业：金融学、金融工程,4718.0
139,492,313,04,法学类,非定向,2,579,2,4,5100,威海校区,包含专业：法学、政治学与行政学、社会工作,403.0
140,494,753,04,财务管理,非定向,31,481,48,4,4400,新城校区,,5476.0
141,502,630,05,历史学类,非定向,2,501,3,4,5060,五四路校区,包含专业：历史学、世界史,3768.0
142,504,556,05,金融学类,非定向,1,539,1,4,4400,校本部,包含专业：金融学、金融学(国际金融)、金融工程、保险学、投资学、信用管理,1502.0
143,505,274,05,戏剧学,非定向,1,518,1,4,13000,华山路校区,,2604.0
144,507,286,05,工商管理类,非定向,4,615,4,4,5000,北京市,无时点专业选择；入校后可参与选拔项目：中意美三学位管理学本科项目，工商管理-法学、营销管理-数据科学2个双主学位项目；培养专业含会计学（智能会计方向）；国际交流：含英国华威大学、荷兰阿姆斯特丹大学、西班牙IE商学院、香港城市大学等校免学费交流项目。包含专业：工商管理、财务管理、会计学、市场营销、管理科学(商业数据分析方向)、贸易经济,61.0
145,510,D11,05,法学,非定向,3,531,4,4,5460,旗山校区,,1864.0
146,519,298,05,法学类,非定向,1,602,2,4,5460,思明校区,包含专业：法学,129.0
147,523,301,05,金融学,非定向,1,567,1,4,5500,长沙,可分流至：金融学、金融学（金融工程）,634.0
148,526,605,05,中国语言文学类,非定向,2,563,3,4,4400,主校区,包含专业：汉语言文学、汉语国际教育,737.0
149,528,925,05,汉语言文学,非定向,1,543,2,4,4100,海甸校区,一年级在城西基础教学部,1358.0
150,537,007,05,历史学类,非定向,3,523,3,4,4500,校本部,包含专业：历史学、文物与博物馆学,2319.0
151,538,738,05,金融学,非定向,2,502,1,4,6600,金家岭校区,,3698.0
152,540,384,05,法学（国际经济法）,非定向,1,590,1,4,6500,松江校区,,234.0
153,543,564,05,传播学,非定向,2,506,2,4,4400,天津市,学校各专业的公共外语课程均为英语，小语种考生慎重填报,3407.0
154,555,C98,05,会计学（中外合作办学）,非定向,4,508,6,4,100000,广东省珠海市,高考英语单科成绩不低于95分。英文教学。,3251.0
155,556,137,05,外国语言文学类,非定向,2,513,2,4,6500,临港校区,包含专业：翻译、商务英语、英语,2918.0
156,562,309,05,经济管理试验班,非定向,1,608,2,4,6500,上海,含双学位培养项目：金融学-数学与应用数学，环境科学-会计学。可参加拔尖人才培养特区选拔。包含专业：工程管理、信息管理与信息系统、物流管理、会计学、金融学,97.0
157,563,381,05,日语,非定向,2,479,0,4,5060,净月校区,只招收英语语种考生,5673.0
158,564,L10,05,金融学（中外合作办学）,非定向,44,468,33,4,18000,西校区,只录取有专业志愿的英语语种考生。,6832.0
159,571,018,05,法学（民商法）,非定向,4,569,5,4,5350,校本部,,596.0
160,572,074,05,汉语国际教育,非定向,2,549,2,4,5500,校本部,,1162.0
161,573,427,05,英语,非定向,2,489,2,4,5000,校本部,要求英语单科成绩不低于100分,4718.0
162,574,035,05,金融学类（保险方向）,非定向,2,564,3,4,4600,柳林校区,包含专业：保险学、保险学(财务与会计双语实验班)、保险学(精算双语实验班),702.0
163,576,A32,05,中医学,非定向,2,543,3,5,6160,净月校区,不招色盲色弱,1358.0
164,582,711,05,哲学类,非定向,1,527,1,4,4830,坞城校区,包含专业：哲学、伦理学,2073.0
165,583,757,05,小学教育（语文）（师范类）,非定向,30,480,17,4,4200,校本部,,5564.0
166,584,006,05,国际经济与贸易,非定向,3,485,2,4,4400,航空港校区,,5083.0
167,591,282,05,经济管理试验班,非定向,2,613,1,4,5720,鼓楼校区,包含专业：经济学、金融学、金融工程、保险学、经济学(产业经济学方向)、工商管理、市场营销、会计学、财务管理、电子商务、工商管理(人力资源方向)、国际经济与贸易,72.0
168,593,B82,05,广告学,非定向,2,545,0,4,5510,粤海校区,,1288.0
169,597,E76,05,经济学（中外合作办学）,非定向,3,526,2,4,100000,宁波,英语单科不低于115分,2140.0
170,599,313,05,汉语言文学,非定向,2,576,3,4,5100,威海校区,,451.0
171,604,603,05,法学,非定向,2,518,3,4,4800,浙江省温州市,,2604.0
172,607,025,06,工商管理类（会计学院）,非定向,2,593,2,4,5000,按学校两校区建设规划和办学实际确定,包含专业：会计学、财务管理,205.0
173,628,C98,06,经济学（中外合作办学）,非定向,3,503,3,4,100000,广东省珠海市,培养应用经济学、商业分析方向。原则上在第一学年第二学期开始前完成专业确认。高考英语单科成绩不低于95分。英文教学,3612.0
174,631,754,06,投资学,非定向,10,468,9,4,4400,西校区,,6832.0
175,637,018,06,法学（经济法）,非定向,3,573,3,4,5350,校本部,,511.0
176,638,074,06,俄语,非定向,2,522,1,4,5500,校本部,,2367.0
177,643,942,06,汉语言文学,非定向,2,535,3,4,5000,长安校区,,1677.0
178,644,925,06,传播学,非定向,2,512,2,4,4600,海甸校区,一年级在城西基础教学部,2994.0
179,646,757,06,汉语言文学（师范类）,非定向,87,488,101,4,4200,校本部,语文不低于90分,4799.0
180,647,006,06,法学,非定向,3,535,7,4,4400,武侯校区,,1677.0
181,649,126,06,会计学,非定向,1,539,2,4,5000,长沙,,1502.0
182,656,282,06,外国语言文学类,非定向,2,613,0,4,5720,鼓楼校区,包含专业：英语、德语、法语、西班牙语,72.0
183,658,551,06,西班牙语,非定向,1,518,1,4,5400,马场道校区,,2604.0
184,659,399,06,中医学,非定向,1,595,2,5,5800,良乡校区,,192.0
185,663,250,06,工商管理类,非定向,3,508,1,4,5200,校本部,包含专业：工商管理、旅游管理、财务管理,3251.0
186,680,274,06,戏剧教育,非定向,1,505,1,4,13000,华山路校区,,3490.0
187,681,286,06,金融学类,非定向,2,624,2,4,5000,北京市,入校后可参与选拔项目：金融学-数学、金融学-数据科学与大数据技术（工学）2个双主学位项目；国际交流：含剑桥大学本科生访学、康奈尔大学暑期学校，伊利诺伊大学香槟分校、明尼苏达双城大学、杜伦大学、玛丽女王大学、法兰克福大学、新加坡管理大学双硕士学位联合培养等。包含专业：金融学、金融工程、保险学、信用管理,33.0
188,686,020,06,财政学类,非定向,1,570,1,4,5850,首义校区,包含专业：财政学、税收学,570.0
189,695,300,06,法学类,非定向,2,588,3,4,5100,青岛校区,含“法学+英语”双学位班。包含专业：法学,264.0
190,698,605,06,新闻传播学类,非定向,2,537,1,4,4400,主校区,包含专业：新闻学、广播电视学、广告学、网络与新媒体,1592.0
191,710,007,06,经济学类,非定向,4,520,4,4,5850,校本部,包含专业：经济学、数字经济、金融学、国际经济与贸易,2482.0
192,716,304,06,社会学类,非定向,1,637,0,4,5000,校本部,包含专业：社会学、社会工作,12.0
193,723,131,07,工商管理类,非定向,4,531,4,4,5000,校本部,包含专业：工商管理、会计学,1864.0
194,726,302,07,法学,非定向,4,604,3,4,5200,津南校区,,121.0
195,737,020,07,金融学类,非定向,2,566,2,4,5850,首义校区,包含专业：金融学、金融工程、投资学,654.0
196,739,300,07,中国语言文学类,非定向,2,596,2,4,5100,校本部,含闻一多基地班、中文拔尖2.0班。包含专业：汉语言文学,179.0
197,748,796,07,中西医临床医学,非定向,1,541,1,5,7660,校本部,不招色盲色弱,1432.0
198,750,007,07,法学,非定向,2,522,3,4,5850,校本部,,2367.0
199,756,304,07,国际政治（国政、外交学、国际政经）,非定向,1,640,1,4,5000,校本部,,
200,758,384,07,法学（刑事法律）,非定向,1,581,1,4,6500,松江校区,,368.0
201,761,049,07,法学,非定向,2,547,3,4,5200,仙林校区,,1216.0
202,771,L10,07,投资学（财富管理方向）,非定向,25,468,1,4,10000,西校区,校企合作专业，只录取有专业志愿的考生,6832.0
203,773,M32,07,财务管理,非定向,2,546,1,4,5000,主校区,,1254.0
204,774,026,07,金融学类,非定向,1,554,1,4,5720,校本部,学生大学二年级依据个人意愿、学习成绩、综合表现和学校相关规定在所录取专业类内确定专业。包含专业：金融学、金融工程、投资学、保险学,1008.0
205,776,281,07,汉语言文学,非定向,2,561,2,4,5000,校本部,,797.0
206,782,941,07,国际经济与贸易,非定向,3,525,3,4,5500,长安校区,,2184.0
207,785,018,07,法学（刑事法）,非定向,3,549,3,4,5350,校本部,,1162.0
208,786,972,07,新闻传播学类,非定向,2,503,0,4,4400,校本部,包含专业：新闻学、广告学,3612.0
209,789,A32,07,针灸推拿学,非定向,4,517,3,5,6160,净月校区,不招色盲色弱,2666.0
210,793,042,07,法学,非定向,2,532,4,4,,天门山校区,,1820.0
211,797,942,07,汉语国际教育,非定向,3,501,3,4,5000,长安校区,,3768.0
212,799,046,07,经济学类,非定向,6,512,7,4,4400,校本部,包含专业：经济学、财政学、金融学、信用管理、国际经济与贸易,2994.0
213,801,006,07,民族学,非定向,4,499,4,4,4400,武侯校区,,3913.0
214,808,048,07,物流管理,非定向,2,487,2,4,4200,校本部,,4902.0
215,809,313,07,外国语言文学类,非定向,3,544,1,4,5100,威海校区,包含专业：英语(语言文学方向)、英语(英德双语方向)、英语(英法双语方向)、英语(英西双语方向)、英语(英俄双语方向)、英语(英日双语方向)、英语(国际传播)、翻译、朝鲜语(翻译方向)、朝鲜语(经贸方向),1321.0
216,813,297,07,汉语言文学,非定向,2,576,2,4,5810,前卫南区,,451.0
217,833,304,08,法学,非定向,1,665,2,4,5000,校本部,,
218,843,556,08,法学,非定向,2,519,4,4,4400,校本部,,2539.0
219,845,286,08,法学,非定向,1,634,2,4,5000,北京市,入校后可参与选拔项目：法学-新闻学、工商管理-法学、涉外法治3个双主学位项目；国际交流：含哈佛大学、鲁汶大学、新加坡国立大学等免学费交换项目，“亚洲校园+”项目（中日韩三国政府奖学金支持）、中欧欧洲法国际组织后备人才培养项目（国家留基委资助）等。,16.0
220,853,005,08,旅游管理,非定向,2,472,0,4,4400,银川,,6374.0
221,857,300,08,外国语言文学类,非定向,4,549,3,4,5100,校本部,可向国际组织与全球治理分流；含“英语+法学”、“英语+国际政治”双学位班。包含专业：英语、俄语(俄英双语)、德语、法语、西班牙语、日语、朝鲜语(朝英双语)、翻译,1162.0
222,863,052,08,会计学,非定向,2,534,2,4,5390,龙湖东校区,,1728.0
223,867,927,08,汉语言文学（师范类）,非定向,5,520,5,4,4180,桂林洋校区,,2482.0
224,870,007,08,中国语言文学类,非定向,3,530,3,4,4500,校本部,包含专业：汉语言文学、汉语国际教育,1911.0
225,875,A08,08,法学（经济法方向）,非定向,1,562,1,4,6500,校本部,,771.0
226,899,754,08,保险学,非定向,25,468,4,4,4400,西校区,,6832.0
227,901,758,08,中医学,非定向,30,512,30,5,5000,金山校区,,2994.0
228,904,281,08,汉语国际教育,非定向,2,542,2,4,5000,校本部,,1399.0
229,912,941,08,法学,非定向,2,565,2,4,5500,长安校区,,674.0
230,914,018,08,法学（行政法）,非定向,4,571,6,4,5350,校本部,,548.0
231,923,942,08,英语,非定向,3,516,3,4,5400,长安校区,,2726.0
232,925,972,08,法学,非定向,2,542,4,4,4400,校本部,,1399.0
233,926,E63,08,国际经济与贸易,非定向,2,490,0,4,6325,,,4645.0
234,927,925,08,英语,非定向,2,509,2,4,4600,海甸校区,一年级在城西基础教学部,3183.0
235,930,006,08,社会学类,非定向,3,502,3,4,4400,武侯校区,包含专业：社会学、社会工作,3698.0
236,934,276,08,英语,非定向,1,587,1,4,6000,校本部,,274.0
237,938,299,08,汉语国际教育,非定向,2,492,2,4,5200,校本部,,4471.0
238,939,551,08,葡萄牙语,非定向,1,491,1,4,5400,马场道校区,,4557.0
239,946,005,09,公共管理类,非定向,5,472,0,4,4400,银川,包含专业：公共事业管理、行政管理,6374.0
240,950,300,09,历史学类,非定向,2,554,2,4,5000,校本部,含“考古+”拔尖2.0班（吴金鼎班）。包含专业：历史学、考古学、档案学,1008.0
241,951,301,09,法学,非定向,1,577,1,4,5500,长沙,,434.0
242,955,052,09,财务管理,非定向,2,509,2,4,5390,龙湖东校区,,3183.0
243,956,298,09,经济学类,非定向,2,601,3,4,5460,思明校区,包含专业：金融学、金融工程、财政学、税收学、国际经济与贸易、国际商务、经济学、经济统计学,136.0
244,971,296,09,马克思主义理论类,非定向,2,554,4,4,5500,甘肃兰州,包含专业：思想政治教育、马克思主义理论,1008.0
245,978,250,09,公共管理类,非定向,2,530,2,4,5200,校本部,包含专业：公共事业管理、行政管理、社会工作,1911.0
246,981,754,09,金融工程,非定向,10,475,12,4,4400,西校区,,6063.0
247,982,875,09,教育学,非定向,2,482,3,4,2800,哈尔滨市,,5380.0
248,983,M32,09,法学,非定向,2,576,2,4,5000,主校区,,451.0
249,987,327,09,法学,非定向,2,579,2,4,5720,苏州,,403.0
250,989,381,09,国际商务,非定向,2,479,1,4,5280,净月校区,,5673.0
251,995,210,09,工商管理类（新文科经管法）,非定向,11,540,11,4,5000,昌平校区,包含专业：财务管理、会计学、工商管理、国际经济与贸易、公共事业管理、行政管理、法学,1465.0
252,998,035,09,工商管理类（会计学院）,非定向,2,569,2,4,4600,柳林校区,包含专业：会计学(大数据会计)、财务管理、审计学,596.0
253,1006,E63,09,经济学,非定向,2,497,2,4,5500,,,4071.0
254,1008,006,09,学前教育（师范类）,非定向,3,485,2,4,4400,航空港校区,,5083.0
255,1009,126,09,法学,非定向,2,532,3,4,5000,长沙,,1820.0
256,1017,399,09,针灸推拿学,非定向,1,535,1,5,5800,良乡校区,,1677.0
257,1023,244,09,工商管理类,非定向,2,510,2,4,4600,龙山校区,包含专业：会计学、财务管理、市场营销,3112.0
258,1033,377,0A,日语,非定向,2,526,1,4,6850,番禺校区,,2140.0
259,1037,285,0A,文科试验班类,非定向,5,593,6,4,5500,兴庆校区,包含专业：法学(丝路涉外班)、法学(卓越复合班)、国际经贸规则、哲学、社会学、汉语言文学、网络与新媒体、行政管理、劳动与社会保障,205.0
260,1040,033,0A,日语,非定向,6,498,6,4,8000,主校区,,3994.0
261,1041,291,0A,公共管理类,非定向,4,556,4,4,5760,辽宁沈阳,包含专业：法学、公共事业管理、行政管理、土地资源管理、新闻学,942.0
262,1043,017,0A,工商管理类,非定向,2,544,2,4,5600,渝北校区,包含专业：工商管理、市场营销、会计学、审计学、劳动关系、电子商务及法律,1321.0
263,1046,925,0A,俄语,非定向,2,509,0,4,4600,海甸校区,一年级在城西基础教学部,3183.0
264,1053,317,0A,公共管理类,非定向,2,519,1,4,5200,仙林校区,包含专业：公共事业管理、行政管理,2539.0
265,1061,020,0A,法学类,非定向,3,587,4,4,5850,南湖校区,包含专业：法学、法学(民商法方向)、法学(涉外法治方向)、法学(政府法治方向)、法学(刑事司法方向)、法学(社会治理方向)、知识产权,274.0
266,1067,199,0B,社会科学试验班（精品文科班）,非定向,9,584,11,4,5000,北京,包含专业：经济学、社会工作、法学、法学(含AI双学位)、英语、日语、德语、西班牙语,318.0
267,1070,381,0B,法学,非定向,2,519,3,4,5280,净月校区,,2539.0
268,1077,033,0B,英语,非定向,3,511,4,4,8000,主校区,,3043.0
269,1079,291,0B,人文科学试验班,非定向,2,567,2,4,5760,辽宁沈阳,包含专业：思想政治教育、哲学,634.0
270,1089,244,0B,法学,非定向,3,518,3,4,4600,龙山校区,,2604.0
271,1092,556,0B,商务英语,非定向,3,481,2,4,5400,校本部,,5476.0
272,1095,594,0B,中国语言文学类（师范类）,非定向,3,530,3,4,5060,开封校区,包含专业：汉语言文学、汉语国际教育,1911.0
273,1096,368,0B,俄语（人文交流）,非定向,2,512,2,4,5000,校本部,外语单科成绩不低于90分。考生双耳听力范围均不低于3米，不能有口吃等言语障碍。,2994.0
274,1106,291,0C,外国语言文学类,非定向,7,539,7,4,6240,辽宁沈阳,包含专业：英语、日语、俄语、德语,1502.0
275,1111,759,0C,中医学,非定向,30,494,36,5,5000,校本部,,4305.0
276,1115,033,0C,翻译,非定向,3,497,3,4,8000,主校区,,4071.0
277,1116,244,0C,汉语言文学,非定向,3,508,3,4,4600,龙山校区,,3251.0
278,1123,964,0C,行政管理,非定向,1,507,0,4,6500,文翔路校区,,3321.0
279,1141,182,0D,民族学,非定向,2,525,2,4,5760,秦皇岛市,,2184.0
280,1144,972,0D,英语（师范）,非定向,2,503,2,4,4400,校本部,,3612.0
281,1149,033,0D,商务英语,非定向,3,485,3,4,8000,主校区,,5083.0
282,1156,844,0D,新闻学,非定向,4,534,3,4,6060,广州校区石牌校园,,1728.0
283,1158,031,0D,法学,非定向,2,558,2,4,5200,江苏省南京市,,888.0
284,1160,307,0E,法学（卓越实验班）,非定向,2,579,2,4,4800,北京校区,,403.0
285,1171,981,0E,行政管理,非定向,1,511,1,4,3100,红湖校区,国家级一流本科专业,3043.0
286,1172,749,0E,经济学类,非定向,1,556,1,4,4000,呈贡校区,大类培养分流办法详见《云南大学2023年本科招生章程》。包含专业：经济学、财政学、金融学、国际经济与贸易,942.0
287,1174,N65,0E,汉语言文学,非定向,2,528,2,4,4800,狮子山校区,,2023.0
288,1181,033,0E,俄语,非定向,1,496,1,4,8000,主校区,,4144.0
289,1188,844,0E,传播学,非定向,4,534,3,4,6060,广州校区石牌校园,,1728.0
290,1189,031,0E,法学（法务会计）,非定向,2,545,2,4,5200,江苏省南京市,,1288.0
291,1192,368,0F,法语（人文交流）,非定向,1,545,1,4,5000,校本部,外语单科成绩不低于90分。考生双耳听力范围均不低于3米，不能有口吃等言语障碍。,1288.0
292,1199,749,0F,法学,非定向,2,562,5,4,4000,呈贡校区,,771.0
293,1201,317,0F,金融学,非定向,2,545,2,4,5720,仙林校区,,1288.0
294,1207,020,0F,俄语,非定向,1,489,1,4,4500,首义校区,,4718.0
295,1214,594,0F,英语（师范类）,非定向,2,514,3,4,5060,开封校区,,2857.0
296,1237,020,0G,新闻传播学类,非定向,1,518,1,4,4500,南湖校区,包含专业：新闻学、广播电视学、网络与新媒体,2604.0
297,1241,279,0G,图书情报与档案管理类,非定向,4,583,1,4,6060,广州校区东校园,包含专业：信息管理与信息系统、图书馆学、档案学,336.0
298,1245,381,0H,财政学,非定向,2,517,2,4,5280,净月校区,,2666.0
299,1250,J72,0H,英语,非定向,2,526,2,4,6050,宣城校区,,2140.0
300,1254,317,0H,法学,非定向,3,567,4,4,5720,仙林校区,,634.0
301,1257,033,0H,法语,非定向,2,489,2,4,8000,主校区,,4718.0
302,1262,020,0H,汉语言文学,非定向,1,549,1,4,4500,南湖校区,,1162.0
303,1266,594,0H,俄语,非定向,2,487,1,4,4400,开封校区,,4902.0
304,1267,368,0H,西班牙语,非定向,1,519,1,4,5000,校本部,外语单科成绩不低于90分。包含人文交流、西班牙语国家国别与区域研究两个方向，大一大二不分方向，大二下学期末根据学生意愿自主报名选择方向，不足12人的方向不再开设该方向，选择该方向的学生自动转入另一个方向学习。考生双耳听力范围均不低于3米，不能有口吃等言语障碍。,2539.0
305,1276,J72,0J,网络与新媒体,非定向,2,489,3,4,5500,宣城校区,,4718.0
306,1279,033,0J,德语,非定向,2,483,3,4,8000,主校区,,5295.0
307,1287,753,0K,会计学,非定向,19,489,28,4,4400,新城校区,,4718.0
308,1288,381,0K,金融学,非定向,2,510,2,4,5280,净月校区,,3112.0
309,1293,749,0K,民族学,非定向,1,542,1,4,4000,东陆校区,,1399.0
310,1299,033,0K,西班牙语,非定向,2,476,1,4,8000,主校区,,5964.0
311,1302,131,0K,法学,非定向,2,556,3,4,5000,校本部,,942.0
312,1307,020,0K,工商管理类,非定向,1,552,1,4,4500,首义校区,包含专业：工商管理、市场营销、人力资源管理、物流管理、电子商务、工商管理(商务分析方向),1060.0
313,1316,368,0L,意大利语（旅游休闲）,非定向,1,511,1,4,5000,校本部,外语单科成绩不低于90分。考生双耳听力范围均不低于3米，不能有口吃等言语障碍。,3043.0
314,1323,317,0L,小学教育（师范）,非定向,2,558,2,4,5720,随园校区,,888.0
315,1325,033,0L,葡萄牙语,非定向,1,476,0,4,8000,主校区,,5964.0
316,1328,131,0L,社会工作,非定向,2,523,2,4,5000,校本部,,2319.0
317,1334,464,0L,风景园林,非定向,3,481,1,4,5900,雨母校区,,5476.0
318,1337,753,0M,英语,非定向,28,468,5,4,4200,金川校区,英语单科成绩必须达到100分及以上,6832.0
319,1339,E12,0M,戏剧影视文学（戏曲文学）,非定向,1,513,1,4,8000,本院,语文单科成绩达到110分,2918.0
320,1348,033,0M,朝鲜语,非定向,2,476,0,4,8000,主校区,招收非朝鲜族考生,5964.0
321,1351,131,0M,行政管理,非定向,2,508,1,4,5000,校本部,,3251.0
322,1356,594,0M,新闻传播学类,非定向,2,512,2,4,5060,开封校区,包含专业：新闻学、广告学、编辑出版学、网络与新媒体,2994.0
323,1365,134,0N,工商管理类,非定向,1,570,1,4,5000,北京校部,包含专业：会计学、财务管理、工商管理、人力资源管理、市场营销,570.0
324,1367,749,0N,汉语言文学,非定向,3,526,3,4,3400,东陆校区,,2140.0
325,1369,017,0N,新闻传播学类,非定向,4,507,1,4,5600,渝北校区,包含专业：新闻学、广播电视学、传播学、网络与新媒体,3321.0
326,1376,556,0N,工商管理类,非定向,1,529,1,4,4400,校本部,包含专业：工商管理、工商管理(大数据管理决策实验班)、市场营销、人力资源管理,1963.0
327,1382,A08,0P,行政管理,非定向,2,525,0,4,6500,校本部,,2184.0
328,1385,134,0P,法学,非定向,1,563,1,4,5000,北京校部,,737.0
329,1386,368,0P,罗马尼亚语,非定向,1,504,1,4,5000,校本部,外语单科成绩不低于90分。考生双耳听力范围均不低于3米，不能有口吃等言语障碍,3547.0
330,1395,556,0P,会计学（注册会计师）,非定向,1,547,2,4,4400,校本部,,1216.0
331,1403,020,0P,工商管理类（会计学院）,非定向,2,549,2,4,5850,首义校区,包含专业：会计学、会计学(注册会计师方向)、财务管理,1162.0
332,1405,753,0P,法学,非定向,89,489,127,4,4200,金川校区,,4718.0
333,1406,738,0P,新闻学,非定向,1,508,1,4,5280,浮山校区,,3251.0
334,1407,307,0P,汉语言文学,非定向,3,607,4,4,4800,北京校区,,103.0
335,1410,134,0Q,公共管理类,非定向,1,549,2,4,5000,北京校部,包含专业：公共事业管理、行政管理,1162.0
336,1411,581,0Q,护理学类,非定向,6,494,6,4,5200,建华校区,包含专业：护理学、助产学,4305.0
337,1422,131,0Q,外国语言文学类,非定向,2,508,2,4,6000,校本部,包含专业：英语、翻译,3251.0
338,1425,020,0Q,公共管理类,非定向,4,518,4,4,4500,首义校区,包含专业：公共事业管理、行政管理、劳动与社会保障、城市管理,2604.0
339,1426,753,0Q,社会工作,非定向,94,468,9,4,4200,金川校区,,6832.0
340,1429,384,0R,文化产业管理,非定向,1,531,0,4,6500,松江校区,,1864.0
341,1430,134,0R,网络与新媒体,非定向,2,547,2,4,5000,北京校部,,1216.0
342,1436,J72,0R,法学,非定向,2,489,3,4,5500,宣城校区,,4718.0
343,1447,384,0S,网络与新媒体,非定向,1,543,2,4,6500,松江校区,,1358.0
344,1448,134,0S,外国语言文学类,非定向,2,547,1,4,6000,北京校部,包含专业：英语、翻译,1216.0
345,1452,749,0S,印地语,非定向,2,489,0,4,3400,呈贡校区,,4718.0
346,1459,556,0S,国际商务,非定向,3,503,4,4,4400,校本部,,3612.0
347,1465,362,0S,工商管理,非定向,1,468,1,4,,校本部,,6832.0
348,1471,381,0T,财务管理,非定向,2,489,3,4,5280,净月校区,,4718.0
349,1472,363,0T,物流管理,非定向,2,501,2,4,5200,东丽校区,,3768.0
350,1481,307,0T,传播学（网络新媒体方向）,非定向,2,579,1,4,4800,北京校区,,403.0
351,1485,362,0T,市场营销,非定向,1,483,1,4,,校本部,,5295.0
352,1489,368,0U,翻译（中英法复语）,非定向,1,558,1,4,5000,校本部,英语单科成绩不低于90分。考生双耳听力范围均不低于3米，不能有口吃等言语障碍。,888.0
353,1496,362,0U,公共事业管理,非定向,1,468,0,4,,校本部,,6832.0
354,1504,327,0V,社会学,非定向,1,546,1,4,5720,苏州,,1254.0
355,1510,530,0V,金融学,非定向,1,509,1,4,4200,红领巾桥校区,,3183.0
356,1515,381,0V,行政管理,非定向,2,482,2,4,4800,净月校区,,5380.0
357,1525,017,0W,思想政治教育,非定向,3,545,4,4,5600,渝北校区,,1288.0
358,1529,381,0X,公共事业管理,非定向,2,479,0,4,4800,净月校区,,5673.0
359,1542,749,0Y,广播电视学,非定向,1,489,0,4,3400,呈贡校区,,4718.0
360,1543,556,0Y,旅游管理类,非定向,4,481,1,4,4400,校本部,包含专业：旅游管理、会展经济与管理,5476.0
361,1545,530,0Y,会计学,非定向,1,530,1,4,4200,北四环校区,,1911.0
362,1551,137,0Z,交通管理（国航）,非定向,2,531,2,4,6500,临港校区,,1864.0
363,1554,327,0Z,图书情报与档案管理类,非定向,1,519,1,4,5200,苏州,包含专业：档案学、信息资源管理,2539.0
364,1557,964,0Z,金融学,非定向,1,521,1,4,6500,上川路校区,,2426.0
365,1561,737,10,工商管理,非定向,2,500,2,4,6325,主校区,,3851.0
366,1562,302,10,经济学类,非定向,4,609,7,4,5200,八里台校区,包含专业：经济学、国际经济与贸易、财政学、商务经济学、数字经济,93.0
367,1563,286,10,国际政治,非定向,2,619,2,4,5000,北京市,入校后可参与选拔项目：“政治学-历史学”双主学位项目；含16国30余所海外名校学生交换项目（专项奖学金资助），“当代中国与欧盟研究”国际组织后备人才培养项目，伦敦大学国王学院双硕士学位联合培养。,45.0
368,1570,D11,10,图书馆学,非定向,3,494,3,4,5040,旗山校区,,4305.0
369,1584,702,10,经济学,非定向,2,519,2,4,5500,校本部,,2539.0
370,1587,A08,10,汉语国际教育,非定向,1,525,1,4,6500,校本部,,2184.0
371,1589,007,10,日语,非定向,2,482,1,4,4500,校本部,,5380.0
372,1598,338,10,马克思主义理论,非定向,1,533,1,4,5000,校本部,,1777.0
373,1608,304,10,新闻传播学类,非定向,1,637,0,4,5000,校本部,包含专业：新闻学、广播电视学、广告学、编辑出版学,12.0
374,1616,018,10,法学（反恐怖主义法）,非定向,5,549,6,4,5350,校本部,,1162.0
375,1624,281,10,外国语言文学类,非定向,2,537,2,4,6000,校本部,包含专业：英语、英语(英西复语)、商务英语,1592.0
376,1634,210,10,英语,非定向,2,533,1,4,5000,昌平校区,,1777.0
377,1635,006,10,应用心理学,非定向,3,506,4,4,4900,航空港校区,,3407.0
378,1638,035,10,会计学（注册会计师专门化方向）,非定向,1,584,1,4,4600,柳林校区,,318.0
379,1639,126,10,汉语言文学,非定向,2,489,2,4,4500,长沙,,4718.0
380,1641,046,10,工商管理类,非定向,5,481,5,4,4400,校本部,包含专业：工商管理、市场营销、人力资源管理,5476.0
381,1645,048,10,供应链管理,非定向,1,487,2,4,4200,校本部,,4902.0
382,1651,749,10,历史学,非定向,2,550,2,4,3400,东陆校区,,1127.0
383,1653,297,10,考古学,非定向,2,549,2,4,5810,前卫南区,按类招。含考古学、文物与博物馆学,1162.0
384,1656,295,10,日语,非定向,2,470,2,4,5390,校本部,,6623.0
385,1657,B02,10,护理学,非定向,2,496,2,4,7500,长沙市,,4144.0
386,1669,D11,11,公共管理类,非定向,5,483,4,4,5040,旗山校区,包含专业：劳动与社会保障、行政管理,5295.0
387,1672,274,11,艺术管理,非定向,2,534,2,4,13000,昌林路校区,,1728.0
388,1676,964,11,投资学,非定向,1,516,2,4,6500,上川路校区,,2726.0
389,1677,764,11,会计学,非定向,31,479,49,4,4400,校本部,,5673.0
390,1678,058,11,女性学,非定向,3,486,4,4,4200,北校区,只招女生。,5000.0
391,1683,301,11,汉语言文学,非定向,3,575,4,4,5300,长沙,,472.0
392,1684,289,11,经济学类,非定向,2,583,3,4,4440,江安校区,“经济+”交叉培养，学校“基础学科拔尖学生培养计划2.0”，拥有国家级一流本科专业建设点。包含专业：国际经济与贸易、经济学、国民经济管理、财政学,336.0
393,1688,031,11,审计学,非定向,2,567,2,4,5720,江苏省南京市,,634.0
394,1690,052,11,国际商务,非定向,2,483,2,4,4900,龙湖东校区,,5295.0
395,1692,086,11,工商管理,非定向,1,530,0,4,5510,第一、二学年佛山校区，第三、四学年广州校区,,1911.0
396,1693,061,11,工商管理类,非定向,5,584,4,4,5000,北京,大类分流时完全按照志愿进行分流。包含专业：会计学、财务管理、人力资源管理、市场营销、工商管理(全球管理实验班),318.0
397,1696,464,11,护理学,非定向,3,487,4,4,7500,红湘校区,,4902.0
398,1699,A08,11,新闻学（卓越新闻传播人才培养试点班）,非定向,1,529,1,4,6500,校本部,,1963.0
399,1702,007,11,新闻传播学类,非定向,2,519,2,4,4500,校本部,包含专业：新闻学、广播电视学、广告学,2539.0
400,1703,796,11,针灸推拿学,非定向,1,565,2,5,7660,校本部,不招色盲色弱,674.0
401,1714,296,11,英语,非定向,2,551,2,4,5500,甘肃兰州,,1095.0
402,1715,338,11,教育学,非定向,1,519,1,4,5000,校本部,,2539.0
403,1717,304,11,经济学类,非定向,1,644,2,4,5000,校本部,包含专业：经济学、金融学、国际经济与贸易、保险学(风险管理与保险)、财政学、资源与环境经济学,
404,1720,018,11,法学（公共安全法）,非定向,2,549,2,4,5350,校本部,,1162.0
405,1726,019,11,汉语言文学,非定向,1,567,0,4,5000,北京昌平,,634.0
406,1729,LR3,11,电子商务（中外合作办学）,非定向,2,471,1,4,26000,净月校区,只招收有专业志愿的考生，与澳大利亚查尔斯特大学合作办学,6497.0
407,1731,006,11,汉语言文学,非定向,8,528,9,4,4400,航空港校区,,2023.0
408,1743,286,11,人力资源管理（经管试验班）,非定向,1,609,0,4,5000,北京市,无时点专业选择；国际交流：含加拿大蒙特利尔大学等交换项目（免学费），美国罗格斯大学“2+1”“4+1”硕士项目，学院本硕学生可直接申请罗格斯大学的硕士并免修部分课程。,93.0
409,1746,J23,11,护理学（四年制）,非定向,4,559,4,4,8140,医学院,国家一流本科，含护理学-行政管理双学士学位项目；优秀学生可优先进入直博计划，含新加坡国立大学等交流生项目,864.0
410,1748,035,11,会计学（双语实验班）,非定向,1,571,1,4,8000,柳林校区,,548.0
411,1751,126,11,新闻学,非定向,2,489,1,4,6000,长沙,,4718.0
412,1755,E63,11,新闻学（法治新闻方向）,非定向,3,498,3,4,5060,,,3994.0
413,1758,751,11,哲学,非定向,10,522,12,4,4620,南校区,基地,2367.0
414,1764,317,11,外国语言文学类（双外语）,非定向,2,544,2,5,5720,随园校区,包含专业：俄语、日语、意大利语、西班牙语、法语,1321.0
415,1765,410,11,法学,非定向,3,551,3,4,4000,校本部,,1095.0
416,1769,752,11,教育学（师范类）,非定向,20,488,23,4,4200,盛乐校区,,4799.0
417,1771,737,12,投资学,非定向,2,483,1,4,5500,主校区,,5295.0
418,1779,823,12,日语,非定向,3,476,0,4,4500,,,5964.0
419,1783,964,12,信用管理,非定向,1,518,1,4,6500,上川路校区,,2604.0
420,1794,324,12,中国语言文学类,非定向,2,574,3,4,5850,武汉市,包含专业：汉语言文学、汉语言、汉语言文学(国家拔尖学生培养基地),486.0
421,1797,LVL,12,金融学（国际投资与金融）,非定向,1,489,1,4,14000,南昌市,,4718.0
422,1799,702,12,国际经济与贸易,非定向,2,516,2,4,5500,校本部,,2726.0
423,1801,298,12,会计学（含会计、财务、审计）,非定向,2,599,2,4,5460,思明校区,含会计学、财务管理、审计学专业,148.0
424,1806,007,12,工商管理类,非定向,4,521,4,4,5850,校本部,包含专业：工商管理、会计学、财务管理、人力资源管理,2426.0
425,1810,308,12,人文科学试验班（拔尖学生培养基地）,非定向,1,628,1,4,,校本部,包含专业：中国语言文学类、历史学类、哲学类,27.0
426,1816,296,12,俄语,非定向,2,529,0,4,5500,甘肃兰州,,1963.0
427,1817,304,12,工商管理类,非定向,1,648,1,4,5000,校本部,包含专业：金融学、金融学(金融经济学)、会计学、市场营销,
428,1826,875,12,汉语国际教育,非定向,3,494,4,4,4000,哈尔滨市,,4305.0
429,1828,006,12,汉语言文学（师范类）,非定向,3,530,4,4,4400,航空港校区,,1911.0
430,1832,299,12,会计学,非定向,1,533,1,4,5200,校本部,,1777.0
431,1838,801,12,经济学类,非定向,2,545,2,4,5980,沈阳蒲河校区,包含专业：经济学、经济统计学、国民经济管理,1288.0
432,1840,019,12,英语（法律英语实验班）,非定向,1,577,2,4,6000,北京昌平,专业本科学习阶段综合考核排名前12名的学生将获得我校免试攻读研究生推荐资格，详见章程,434.0
433,1850,796,12,康复治疗学,非定向,1,562,1,4,7660,校本部,不招色盲色弱,771.0
434,1851,297,12,新闻传播学类,非定向,6,560,6,4,6000,前卫南区,包含专业：新闻学、广告学,826.0
435,1852,119,12,社会科学试验班,非定向,7,578,7,4,5000,沙河校区,包含专业：经济学、行政管理、法学、英语、翻译、德语、法语,420.0
436,1853,046,12,旅游管理类,非定向,4,479,0,4,4400,校本部,包含专业：旅游管理、酒店管理,5673.0
437,1854,E63,12,编辑出版学,非定向,1,490,0,4,4400,,,4645.0
438,1858,751,12,哲学,非定向,21,521,21,4,4620,南校区,,2426.0
439,1865,410,12,社会学,非定向,4,518,4,4,5000,校本部,,2604.0
440,1872,964,13,财政学,非定向,1,528,1,4,6500,文翔路校区,,2023.0
441,1876,005,13,工商管理类（人力资源工商方向）,非定向,2,480,2,4,4400,银川,包含专业：工商管理、人力资源管理,5564.0
442,1889,927,13,英语（师范类）,非定向,4,503,5,4,4620,桂林洋校区,英语单科原始成绩不低于90分，须口试合格,3612.0
443,1895,308,13,新闻传播学类（卓越新闻人才计划）,非定向,1,621,0,4,,校本部,包含专业：新闻学、广播电视学、传播学、广告学,40.0
444,1896,049,13,新闻学,非定向,2,517,2,4,5200,仙林校区,,2666.0
445,1899,304,13,公共管理类,非定向,1,637,1,4,5000,校本部,包含专业：城市管理、行政管理,12.0
446,1901,A48,13,小学教育（师范）,非定向,2,528,2,4,6095,金华校区,,2023.0
447,1911,294,13,文科试验班类（经济、金融与管理）,非定向,1,657,2,4,5000,北京市,包含专业：经济与金融(国际班),
448,1915,941,13,历史学类,非定向,2,549,2,4,5500,长安校区,包含专业：历史学、世界史,1162.0
449,1928,LA8,13,广播电视编导,非定向,4,551,4,4,12000,前卫南区,招有专业志愿考生，艺术类专业，授予艺术学学士学位。,1095.0
450,1929,046,13,会计学,非定向,3,529,5,4,4400,校本部,,1963.0
451,1930,E63,13,网络与新媒体,非定向,2,498,3,4,5060,,,3994.0
452,1933,243,13,经济管理试验班,非定向,1,574,1,4,5000,北京市,包含专业：经济学、数字经济、金融学、金融科技、会计学、财务管理、工商管理、工程管理、物流管理、供应链管理、信息管理与信息系统、保密管理,486.0
453,1934,751,13,法学,非定向,39,549,43,4,4620,南校区,,1162.0
454,1937,B82,13,法学,非定向,4,561,5,4,5510,丽湖校区,,797.0
455,1940,410,13,思想政治教育,非定向,2,540,2,4,5000,校本部,,1465.0
456,1955,274,13,广播电视编导,非定向,1,515,1,4,13000,昌林路校区,,2798.0
457,1958,308,14,社会科学试验班,非定向,2,621,1,4,,校本部,包含专业：政治学与行政学、行政管理、国际政治、社会学、社会工作,40.0
458,1961,296,14,日语,非定向,2,529,1,4,5500,甘肃兰州,,1963.0
459,1965,M32,14,政治学与行政学,非定向,3,566,3,4,5000,主校区,,654.0
460,1970,082,14,自然地理与资源环境,非定向,1,546,1,4,5500,校本部,,1254.0
461,1976,035,14,工商管理类,非定向,2,561,2,4,4400,柳林校区,包含专业：工商管理、市场营销、旅游管理、供应链管理、人力资源管理,797.0
462,1981,327,14,行政管理,非定向,1,548,1,4,5200,苏州,,1193.0
463,1985,046,14,财务管理,非定向,3,526,5,4,4400,校本部,,2140.0
464,1987,243,14,外国语言文学类,非定向,3,548,1,4,5500,北京市,包含专业：英语、西班牙语、葡萄牙语,1193.0
465,1988,751,14,纪检监察,非定向,19,544,25,4,4620,南校区,,1321.0
466,2000,317,14,历史学类,非定向,3,558,3,4,5200,随园校区,包含专业：历史学(师范、非师范)、考古学,888.0
467,2005,025,14,经济学类,非定向,2,579,2,4,5000,按学校两校区建设规划和办学实际确定,包含专业：经济学、国民经济管理,403.0
468,2012,029,14,工商管理,非定向,2,492,1,4,5000,长安校区,,4471.0
469,2014,823,14,历史学,非定向,5,488,8,4,4800,,,4799.0
470,2019,274,14,影视摄影与制作,非定向,1,543,1,4,13000,昌林路校区,,1358.0
471,2022,964,14,税收学,非定向,2,529,2,4,6500,文翔路校区,,1963.0
472,2025,066,14,风景园林,非定向,1,518,0,4,5850,武汉市,,2604.0
473,2028,005,14,工商管理类（财务会计方向）,非定向,2,494,3,4,4400,银川,包含专业：会计学、财务管理,4305.0
474,2030,605,14,历史学类,非定向,2,548,4,4,4400,主校区,包含专业：历史学、考古学、世界史,1193.0
475,2034,052,14,电子商务,非定向,2,480,0,4,4900,龙湖东校区,,5564.0
476,2041,007,14,旅游管理,非定向,3,482,1,4,4500,校本部,,5380.0
477,2043,796,15,中医养生学,非定向,1,539,1,5,7660,校本部,不招色盲色弱,1502.0
478,2049,007,15,教育学类,非定向,4,502,5,4,4500,校本部,包含专业：教育学、教育技术学,3698.0
479,2050,377,15,会计学,非定向,3,567,5,4,6060,番禺校区,,634.0
480,2059,M32,15,新闻传播学类,非定向,2,560,2,4,5000,主校区,包含专业：新闻学、广播电视学,826.0
481,2060,562,15,学前教育（师范）,非定向,2,487,1,4,4400,主校区,,4902.0
482,2068,006,15,英语,非定向,5,485,4,4,4400,武侯校区,,5083.0
483,2080,243,15,新闻传播学类,非定向,2,548,2,4,5000,北京市,包含专业：传播学、网络与新媒体,1193.0
484,2083,711,15,法学,非定向,4,538,5,4,5175,东山校区,,1540.0
485,2085,751,15,政治学与行政学,非定向,18,531,19,4,4620,南校区,,1864.0
486,2088,752,15,学前教育（师范类）,非定向,25,476,33,4,4200,盛乐校区,,5964.0
487,2093,308,15,法学（卓越法律人才基地）,非定向,1,629,1,4,,校本部,,26.0
488,2094,302,15,中国语言文学类,非定向,5,604,7,4,5200,八里台校区津南校区,国家文科基础学科人才培养和科学研究优秀基地，国家级一流本科专业，中国语言文学博士一级学科；汉语国际教育为八大国家对外汉语教学基地之一。各专业均有与海外名校的交流项目。包含专业：汉语言文学、新闻学、网络与新媒体、汉语国际教育,121.0
489,2096,304,15,城乡规划,非定向,1,643,1,4,5000,校本部,,
490,2104,964,15,工商管理,非定向,1,527,1,4,6500,文翔路校区,,2073.0
491,2109,005,15,法学,非定向,11,506,15,4,4400,银川,,3407.0
492,2113,301,15,新闻传播学类,非定向,3,570,3,4,6000,长沙,包含专业：新闻学、广告学,570.0
493,2127,301,16,历史学,非定向,2,571,2,4,5300,长沙,,548.0
494,2131,027,16,人力资源管理（数智人力）,非定向,1,517,1,4,4660,南昌市,,2666.0
495,2137,464,16,法学,非定向,2,528,3,4,5000,雨母校区,,2023.0
496,2139,384,16,社会学类,非定向,1,556,1,4,6500,松江校区,包含专业：社会学、社会工作、社会政策,942.0
497,2140,927,16,历史学（师范类）,非定向,4,508,4,4,4180,桂林洋校区,,3251.0
498,2149,A48,16,学前教育（师范）,非定向,4,490,4,4,6095,杭州萧山校区,,4645.0
499,2160,042,16,人力资源管理,非定向,2,488,2,4,,天门山校区,,4799.0
500,2162,294,16,法学类,非定向,1,648,0,4,5000,北京市,包含专业：法学、法学(国际班),
501,2165,006,16,法语,非定向,3,485,0,4,4400,武侯校区,,5083.0
502,2167,941,16,工商管理类,非定向,3,551,3,4,5500,长安校区,包含专业：工商管理、会计学、旅游管理,1095.0
503,2169,338,16,英语,非定向,1,533,1,4,6000,校本部,,1777.0
504,2170,035,16,财政学类,非定向,2,547,3,4,4400,柳林校区,包含专业：财政学、税收学,1216.0
505,2175,LA4,16,国际经济与贸易（中外合作办学）,非定向,2,555,2,4,30000,嘉定校区,中澳合作,967.0
506,2180,297,16,俄语,非定向,2,562,2,4,5810,前卫南区,零起点培养,771.0
507,2181,243,16,法学,非定向,3,569,5,4,5000,北京市,,596.0
508,2182,276,16,法语,非定向,1,573,1,4,6000,校本部,,511.0
509,2185,E63,16,日语,非定向,2,490,0,4,4400,,,4645.0
510,2187,751,16,社会学,非定向,20,518,20,4,4620,北校区,,2604.0
511,2189,551,16,阿拉伯语,非定向,1,488,0,4,5400,马场道校区,,4799.0
512,2210,027,17,市场营销（数字营销）,非定向,1,515,0,4,4660,南昌市,,2798.0
513,2220,308,17,经济学类（拔尖学生培养基地）,非定向,2,633,4,4,,校本部,包含专业：经济学、经济学(数理经济方向拔尖项目)、经济学(国际项目UIPE)、金融学、国际经济与贸易(国际经济学)、国际经济与贸易(国际经济学方向)、财政学、保险学,19.0
514,2229,562,17,教育学类（师范）,非定向,7,521,7,4,4400,主校区,学生入校一年后分流，均可进入教育学（师范）、小学教育（师范）专业学习。其中小学教育（师范）专业含语文、数学、英语、思品辅导员、科学五个方向，英语方向5400元/人/年。包含专业：教育学(师范)、小学教育(师范),2426.0
515,2233,463,17,公共管理类,非定向,2,538,3,4,5200,,包含专业：行政管理,1540.0
516,2235,754,17,税收学,非定向,17,493,20,4,4400,西校区,,4384.0
517,2237,042,17,供应链管理,非定向,2,478,0,4,,天门山校区,,5780.0
518,2238,150,17,英语,非定向,2,468,1,4,4800,主校区,,6832.0
519,2239,006,17,日语,非定向,2,497,3,4,4400,武侯校区,,4071.0
520,2242,035,17,经济与贸易类,非定向,1,570,1,4,8000,柳林校区,包含专业：国际商务(双语实验班)、国际经济与贸易(双语实验班),570.0
521,2251,942,17,语言学,非定向,1,497,0,4,5400,长安校区,,4071.0
522,2253,297,17,西班牙语,非定向,2,549,1,4,5290,前卫南区,零起点培养,1162.0
523,2258,751,17,社会工作,非定向,12,506,12,4,4620,北校区,,3407.0
524,2266,752,17,小学教育（语文）（师范类）,非定向,20,492,29,4,4600,盛乐校区,,4471.0
525,2268,302,17,工商管理类,非定向,5,604,1,4,5200,八里台校区津南校区,国际会计特色班是与加拿大特许专业会计师协会合作培养，主要专业课双语授课；工商管理专业核心课程则采用全英文授课。包含专业：工商管理、人力资源管理、财务管理、会计学、会计学(国际会计)、市场营销、物流管理、图书馆学、档案学、旅游管理、会展经济与管理,121.0
526,2272,631,17,法学,非定向,2,543,2,4,5000,天津校区,,1358.0
527,2283,298,18,公共管理类（含政治）,非定向,5,586,4,4,5460,思明校区,包含专业：政治学与行政学、行政管理、国际政治、外交学,288.0
528,2301,026,18,新闻传播学类,非定向,1,519,0,4,4800,校本部,学生大学二年级依据个人意愿、学习成绩、综合表现和学校相关规定在所录取专业类内确定专业。包含专业：新闻学、广告学,2539.0
529,2303,042,18,历史学（师范类）,非定向,2,527,3,4,,天门山校区,,2073.0
530,2306,006,18,朝鲜语,非定向,3,485,0,4,4400,武侯校区,,5083.0
531,2318,941,18,图书情报与档案管理类,非定向,2,543,2,4,5500,长安校区,包含专业：图书馆学、档案学,1358.0
532,2321,297,18,日语,非定向,1,549,0,4,5810,前卫南区,零起点培养,1162.0
533,2322,751,18,政治学、经济学与哲学,非定向,19,528,24,4,4620,南校区,,2023.0
534,2325,551,18,汉语国际教育,非定向,2,523,2,4,4400,滨海校区,,2319.0
535,2327,048,18,市场营销（数字化营销）,非定向,1,485,0,4,4200,校本部,,5083.0
536,2342,964,18,经济学,非定向,1,543,1,4,6500,上川路校区,,1358.0
537,2346,691,18,公共事业管理,非定向,5,499,5,4,5510,番禺校区,不招单色识别不全者,3913.0
538,2355,964,19,国际经济与贸易,非定向,1,521,1,4,6500,上川路校区,,2426.0
539,2361,289,19,俄语,非定向,2,557,0,4,4440,江安校区,国家级一流本科专业建设点,924.0
540,2362,324,19,朝鲜语（韩语）,非定向,1,540,0,4,4500,武汉市,,1465.0
541,2366,021,19,英语,非定向,11,482,14,4,4800,开发区校区,,5380.0
542,2368,617,19,工商管理类,非定向,5,498,5,4,6325,历城校区,包含专业：会计学、财务管理、市场营销、人力资源管理,3994.0
543,2369,A95,19,法学,非定向,1,536,1,4,4800,郑东校区,,1630.0
544,2376,296,19,工商管理类,非定向,3,557,4,4,5500,甘肃兰州,包含专业：会计学、市场营销、人力资源管理、信息管理与信息系统、行政管理,924.0
545,2381,754,19,资产评估,非定向,8,482,12,4,4400,西校区,,5380.0
546,2383,250,19,法学,非定向,4,567,7,4,5520,校本部,,634.0
547,2385,018,19,电子商务及法律,非定向,1,519,0,4,5350,校本部,,2539.0
548,2389,390,19,经济管理试验班（医药方向）,非定向,2,531,2,4,5200,江宁校区,包含专业：药事管理、国际经济与贸易、工商管理、经济学、健康服务与管理,1864.0
549,2392,042,19,世界史,非定向,2,478,1,4,,天门山校区,,5780.0
550,2396,006,19,新闻传播学类,非定向,4,488,5,4,4400,航空港校区,包含专业：新闻学、广播电视学,4799.0
551,2400,035,19,经济学（经管国际化创新实验班）,非定向,1,566,1,4,8000,柳林校区,,654.0
552,2402,327,19,教育学（师范）,非定向,1,543,1,4,5200,苏州,,1358.0
553,2403,019,19,国际商务,非定向,1,575,1,4,5000,北京昌平,,472.0
554,2411,048,19,人力资源管理,非定向,1,507,1,4,4200,校本部,,3321.0
555,2414,297,19,朝鲜语,非定向,2,549,1,4,5810,前卫南区,零起点培养,1162.0
556,2418,751,19,马克思主义理论,非定向,19,519,20,4,4620,南校区,,2539.0
557,2422,551,19,国际经济与贸易,非定向,1,500,2,4,4400,滨海校区,,3851.0
558,2423,399,19,英语（医学）,非定向,1,526,1,4,5800,良乡校区,,2140.0
559,2432,752,19,特殊教育（师范类）,非定向,18,477,24,4,4200,盛乐校区,,5879.0
560,2438,463,1A,英语,非定向,2,522,1,4,5200,,,2367.0
561,2439,279,1A,哲学（珠海）,非定向,2,583,2,4,6060,珠海校区,,336.0
562,2440,292,1A,人文科学试验班,非定向,2,617,0,4,5300,校本部,包含专业：古典文献学、汉语言文学、哲学、历史学、文物与博物馆学、考古学,54.0
563,2445,192,1A,市场营销,非定向,4,499,1,4,5200,江浦校区,,3913.0
564,2446,751,1A,汉语言文学,非定向,9,558,12,4,4620,南校区,基地,888.0
565,2449,033,1A,国际事务与国际关系,非定向,3,486,5,4,8000,主校区,,5000.0
566,2452,920,1A,历史学类,非定向,3,515,3,4,5000,龙河校区,包含专业：历史学、考古学,2798.0
567,2456,031,1A,会计学,非定向,3,548,3,4,5720,江苏省南京市,,1193.0
568,2457,617,1A,金融学,非定向,5,487,5,4,6325,历城校区,,4902.0
569,2459,292,1B,新闻传播学类,非定向,2,617,0,4,5300,校本部,包含专业：新闻学、传播学,54.0
570,2464,031,1B,财务管理,非定向,2,552,2,4,5720,江苏省南京市,,1060.0
571,2469,751,1B,汉语言文学,非定向,32,542,37,4,4620,南校区,,1399.0
572,2473,844,1C,政治学与行政学,非定向,3,536,4,4,6060,广州校区大学城校园,,1630.0
573,2476,920,1C,应用心理学,非定向,2,531,2,4,5000,龙河校区,,1864.0
574,2477,751,1C,汉语国际教育,非定向,19,523,19,4,4620,南校区,,2319.0
575,2483,033,1D,旅游管理,非定向,2,476,1,4,8000,主校区,,5964.0
576,2484,751,1D,英语,非定向,37,507,40,4,4620,南校区,要求英语单科成绩（包括笔试、口试）及格,3321.0
577,2488,751,1E,俄语,非定向,19,482,7,4,4620,南校区,,5380.0
578,2495,920,1E,新闻传播学类,非定向,2,537,2,4,5000,龙河校区,包含专业：新闻学、广播电视学、编辑出版学、网络与新媒体,1592.0
579,2496,463,1E,汉语言文学,非定向,2,554,2,4,5200,,,1008.0
580,2500,LR3,1F,金融学（中外合作办学）,非定向,2,498,2,4,26000,净月校区,只招收有专业志愿的考生，与澳大利亚查尔斯特大学合作办学,3994.0
581,2503,591,1F,法学,非定向,2,544,2,4,4920,校本部,,1321.0
582,2505,751,1F,日语,非定向,11,482,10,4,4620,南校区,,5380.0
583,2511,751,1G,新闻学,非定向,27,515,27,4,4620,南校区,,2798.0
584,2515,033,1G,汉语国际教育,非定向,5,505,5,4,8000,主校区,,3490.0
585,2518,LR3,1G,会计学（中外合作办学）,非定向,2,508,3,4,26000,净月校区,只招收有专业志愿的考生，与澳大利亚查尔斯特大学合作办学,3251.0
586,2522,591,1H,财政学类,非定向,2,514,2,4,4920,校本部,包含专业：财政学、金融学,2857.0
587,2523,920,1H,财政学,非定向,2,541,3,4,5000,蜀山校区,,1432.0
588,2524,751,1H,网络与新媒体,非定向,26,489,26,4,4620,南校区,,4718.0
589,2526,033,1H,汉语言文学,非定向,1,517,2,4,8000,主校区,,2666.0
590,2528,925,1H,会计学,非定向,2,543,2,4,4600,观澜湖校区,,1358.0
591,2533,751,1J,历史学,非定向,10,543,11,4,4620,南校区,基地,1358.0
592,2535,192,1J,法学,非定向,2,531,4,4,5200,江浦校区,,1864.0
593,2536,925,1J,工商管理,非定向,3,526,4,4,4600,观澜湖校区,,2140.0
594,2538,033,1J,新闻学,非定向,1,503,2,4,8000,主校区,,3612.0
595,2544,751,1K,历史学,非定向,21,529,24,4,4620,南校区,,1963.0
596,2550,307,1L,人文科学试验班（励耘实验班）,非定向,2,610,2,4,4800,北京校区,包含专业：汉语言文学、历史学、哲学,86.0
597,2553,192,1L,日语,非定向,2,499,1,4,5200,江浦校区,,3913.0
598,2557,920,1L,工商管理类,非定向,2,519,2,4,5000,蜀山校区,包含专业：会计学、工商管理、市场营销、人力资源管理,2539.0
599,2558,464,1L,会计学,非定向,3,518,3,4,5000,雨母校区,,2604.0
600,2559,925,1L,农林经济管理,非定向,1,509,0,4,4600,观澜湖校区,,3183.0
601,2561,925,1M,行政管理,非定向,2,519,2,4,4600,海甸校区,一年级在城西基础教学部,2539.0
602,2562,753,1M,工商管理,非定向,30,468,2,4,4400,新城校区,,6832.0
603,2565,463,1M,工商管理类,非定向,3,552,3,4,5200,,包含专业：会计学、人力资源管理、市场营销,1060.0
604,2567,363,1N,翻译,非定向,1,506,1,4,5800,东丽校区,,3407.0
605,2573,920,1N,物流管理,非定向,2,527,2,4,5000,蜀山校区,,2073.0
606,2575,363,1P,思想政治教育,非定向,2,489,3,4,5200,东丽校区,,4718.0
607,2578,751,1P,文物与博物馆学,非定向,23,506,26,4,4620,南校区,,3407.0
608,2579,033,1P,跨境电子商务,非定向,2,476,1,4,8000,主校区,,5964.0
609,2587,K11,1Q,教育学类（师范类）,非定向,5,490,5,4,4400,东、西校区,包含专业：学前教育、小学教育,4645.0
610,2588,925,1Q,旅游管理类,非定向,3,526,4,4,4600,观澜湖校区,包含专业：旅游管理、酒店管理、会展经济与管理,2140.0
611,2590,751,1Q,行政管理,非定向,18,520,18,4,4620,南校区,,2482.0
612,2591,844,1Q,法学,非定向,3,564,4,4,6060,广州校区大学城校园,,702.0
613,2592,591,1Q,政治学类,非定向,2,527,2,4,4920,校本部,包含专业：政治学与行政学、社会工作,2073.0
614,2599,920,1R,俄语,非定向,3,515,0,4,5000,蜀山校区,,2798.0
615,2600,751,1R,劳动与社会保障,非定向,17,486,17,4,4620,南校区,,5000.0
616,2604,751,1S,土地资源管理,非定向,20,482,19,4,4620,南校区,,5380.0
617,2605,738,1S,工商管理,非定向,3,503,4,4,6600,金家岭校区,,3612.0
618,2613,751,1T,旅游管理,非定向,11,502,13,4,4620,南校区,,3698.0
619,2614,363,1U,工商管理类（航空运输管理）,非定向,6,516,6,4,5200,东丽校区,包含专业：工商管理、会计学、财务管理、经济与金融、公共事业管理,2726.0
620,2619,749,1U,工商管理类,非定向,2,519,2,4,4000,呈贡校区,大类培养分流办法详见《云南大学2023年本科招生章程》。包含专业：工商管理、财务管理、会计学、人力资源管理、物流管理、旅游管理,2539.0
621,2620,844,1U,汉语言文学（师范）,非定向,4,565,4,4,6060,广州校区大学城校园,,674.0
622,2623,B94,1V,新闻学,非定向,6,484,6,4,5280,日照校区,,5193.0
623,2629,920,1W,法学类,非定向,2,546,3,4,5500,蜀山校区,包含专业：法学、知识产权,1254.0
624,2631,749,1W,行政管理,非定向,2,489,2,4,4000,呈贡校区,,4718.0
625,2637,920,1Y,行政管理,非定向,3,531,3,4,5000,蜀山校区,,1864.0
626,2639,076,1Z,历史学（师范类）,非定向,2,512,2,4,3100,校本部,,2994.0
627,2644,B02,20,英语,非定向,1,484,0,4,4500,长沙市,,5193.0
628,2654,442,20,工商管理类,非定向,1,535,1,4,5300,下沙校区,包含专业：会计学、工商管理、人力资源管理,1677.0
629,2655,283,20,文科试验班类,非定向,7,578,7,4,5720,,包含专业：社会学、汉语言文学、旅游管理、哲学、国际经济与贸易、金融学、经济学、金融工程、法学、艺术史论,420.0
630,2667,399,20,英语（中医药国际传播）,非定向,1,526,0,4,5800,良乡校区,,2140.0
631,2672,801,20,国际经济与贸易,非定向,1,492,1,4,5980,沈阳蒲河校区,,4471.0
632,2675,019,20,行政管理,非定向,1,567,1,4,5000,北京昌平,,634.0
633,2679,006,20,会计学,非定向,4,526,4,4,4400,航空港校区,,2140.0
634,2683,250,20,英语,非定向,3,508,2,4,5200,校本部,,3251.0
635,2700,289,20,法语,非定向,2,557,2,4,4440,江安校区,国家级一流本科专业建设点,924.0
636,2702,052,20,金融学类,非定向,2,506,2,4,4900,龙湖东校区,包含专业：金融工程、保险学、投资学、互联网金融,3407.0
637,2704,162,20,经济学类,非定向,1,548,1,4,4500,校本部,包含专业：经济学、国际经济与贸易,1193.0
638,2705,021,20,日语,非定向,13,468,8,4,4800,开发区校区,,6832.0
639,2706,025,20,公共管理类,非定向,2,575,2,4,5000,按学校两校区建设规划和办学实际确定,包含专业：行政管理、公共事业管理、城市管理、国际政治,472.0
640,2715,310,21,经济管理试验班（含双学士学位项目）,非定向,2,621,2,4,7150,校本部,含经济学-数学与应用数学双学士学位项目。包含专业：经济学、金融学、会计学、工商管理、人力资源管理、大数据管理与应用(大数据和商务管理),40.0
641,2719,296,21,戏剧影视文学,非定向,2,529,0,4,5000,甘肃兰州,,1963.0
642,2721,363,21,航空安防管理,非定向,2,488,0,4,5200,宁河校区,原则上只招收男生。报考考生建议身体符合《空勤人员和空中交通管制员体检鉴定医学标准》（AC-67FS-001）相关规定，男性身高1.70-1.85米，不招色盲、色弱考生。,4799.0
643,2743,006,21,工商管理类,非定向,7,494,7,4,4400,航空港校区,包含专业：市场营销、财务管理、人力资源管理、物流管理,4305.0
644,2747,003,21,哲学类,非定向,2,549,2,4,5000,丰台校区,包含专业：哲学、宗教学,1162.0
645,2750,754,21,财政学,非定向,11,497,13,4,4400,西校区,新文科实验班,4071.0
646,2751,250,21,日语,非定向,3,536,3,4,5200,校本部,,1630.0
647,2762,025,21,体育经济与管理,非定向,1,549,1,4,5000,按学校两校区建设规划和办学实际确定,,1162.0
648,2765,713,21,护理学,非定向,2,503,2,4,5600,校本部,,3612.0
649,2766,920,21,社会学类,非定向,3,527,3,4,5000,蜀山校区,包含专业：社会学、社会工作,2073.0
650,2770,052,21,经济与贸易类,非定向,2,496,3,4,4900,龙湖东校区,包含专业：国际经济与贸易、贸易经济,4144.0
651,2782,B02,21,应用心理学,非定向,1,495,1,4,4500,长沙市,,4212.0
652,2792,025,22,法学（卓越法治人才教育培养计划）,非定向,2,587,2,4,5000,按学校两校区建设规划和办学实际确定,,274.0
653,2795,702,22,政治学与行政学,非定向,2,530,2,4,5300,校本部,,1911.0
654,2798,920,22,政治学与行政学,非定向,2,542,3,4,5000,蜀山校区,,1399.0
655,2799,237,22,汉语言文学,非定向,1,569,1,4,4500,犀浦校区,,596.0
656,2801,052,22,新闻传播学类,非定向,2,482,2,4,4900,龙湖东校区,包含专业：新闻学、广告学、网络与新媒体,5380.0
657,2806,324,22,历史学类,非定向,1,565,2,4,4500,武汉市,包含专业：历史学、历史学(文遗班)、历史学(开沅班，国家拔尖学生培养基地)、历史学(国家文科基地班),674.0
658,2810,005,22,英语,非定向,2,472,1,4,4000,银川,,6374.0
659,2833,551,22,工商管理类,非定向,2,496,2,4,4400,滨海校区,包含专业：会计学、财务管理、国际商务、人力资源管理,4144.0
660,2835,048,22,法学,非定向,1,522,1,4,4200,校本部,,2367.0
661,2838,046,22,法学,非定向,4,532,6,4,4400,校本部,,1820.0
662,2845,035,22,法学,非定向,1,574,2,4,4400,柳林校区,,486.0
663,2847,019,22,思想政治教育,非定向,1,577,1,4,5000,北京昌平,,434.0
664,2850,105,22,经济与贸易类（国贸、法学、行管）,非定向,2,570,2,4,5500,长安校区,,570.0
665,2851,006,22,历史学类,非定向,4,517,5,4,4400,武侯校区,包含专业：历史学、文物与博物馆学,2666.0
666,2853,003,22,经济学类,非定向,2,577,2,4,5000,丰台校区,包含专业：经济学、财政学、金融学、国际经济与贸易、数字经济,434.0
667,2854,754,22,国际经济与贸易,非定向,50,468,7,4,4400,西校区,,6832.0
668,2856,250,22,政治学与行政学,非定向,4,542,4,4,4800,校本部,,1399.0
669,2863,A48,22,历史学（师范）,非定向,2,510,2,4,5300,金华校区,,3112.0
670,2870,162,23,工商管理类,非定向,2,546,2,4,4500,校本部,包含专业：工商管理(双语教学班)、市场营销、会计学、旅游管理,1254.0
671,2873,170,23,工商管理类（数智经济与管理试验班）,非定向,3,545,4,4,5000,校本部,学生进校一年后，可进入工商管理、会计学、国际经济与贸易、金融工程专业学习,1288.0
672,2877,A95,23,会计学,非定向,1,532,1,4,4800,郑东校区,,1820.0
673,2878,027,23,税收学（数字税收）,非定向,1,542,1,4,4660,南昌市,,1399.0
674,2887,073,23,工商管理类,非定向,2,580,2,4,5000,北京市海淀区,包含专业：工商管理、会计学、大数据管理与应用,386.0
675,2892,310,23,法学试验班（含双学士学位项目）,非定向,1,623,1,4,7150,校本部,含法学-经济学双学士学位项目。包含专业：法学,35.0
676,2893,442,23,新闻传播学类,非定向,1,522,1,4,5300,临平校区,包含专业：传播学、汉语言文学,2367.0
677,2896,006,23,旅游管理,非定向,3,485,2,4,4400,武侯校区,,5083.0
678,2897,374,23,工商管理类,非定向,1,529,1,4,4800,杭州市,包含专业：工商管理、财务管理、市场营销,1963.0
679,2899,003,23,法学类,非定向,5,580,5,4,5000,丰台校区,包含专业：法学、法学(涉外法治),386.0
680,2910,035,23,法学（法学与会计学双学位）,非定向,1,574,1,4,4400,柳林校区,,486.0
681,2912,054,23,会展经济与管理,非定向,2,471,0,4,4500,北校区,,6497.0
682,2918,B82,23,工商管理,非定向,2,551,2,4,5510,丽湖校区,,1095.0
683,2919,048,23,商务英语（实验班）,非定向,1,498,1,4,5000,校本部,,3994.0
684,2928,752,23,中国少数民族语言文学,非定向,30,470,1,4,4200,盛乐校区,,6623.0
685,2934,005,23,日语,非定向,1,472,0,4,4000,银川,,6374.0
686,2950,073,24,法学,非定向,1,590,1,4,5000,北京市海淀区,,234.0
687,2958,837,24,朝鲜语,非定向,2,472,1,4,5060,延吉校区,招汉语答卷非朝鲜族考生,6374.0
688,2959,006,24,公共管理类,非定向,5,497,5,4,4400,航空港校区,包含专业：公共事业管理、行政管理,4071.0
689,2960,875,24,商务英语,非定向,2,481,1,4,5000,哈尔滨市,,5476.0
690,2961,082,24,国际经济与贸易,非定向,2,519,1,4,5000,校本部,,2539.0
691,2973,019,24,政治学与行政学,非定向,1,578,1,4,5000,北京昌平,,420.0
692,2978,048,24,会计学（注册会计师）,非定向,2,523,2,4,4200,校本部,,2319.0
693,2979,046,24,公共管理类,非定向,6,488,6,4,4400,校本部,包含专业：公共事业管理、行政管理、土地资源管理,4799.0
694,2993,005,24,阿拉伯语,非定向,1,472,0,4,4000,银川,,6374.0
695,2998,B02,24,市场营销,非定向,1,484,0,4,5000,长沙市,,5193.0
696,3003,237,24,思想政治教育,非定向,2,549,2,4,4500,犀浦校区,,1162.0
697,3005,066,24,社会学类,非定向,7,518,7,4,4500,武汉市,包含专业：社会学、社会工作,2604.0
698,3006,170,24,社会科学试验班,非定向,8,558,9,4,5000,校本部,学生进校一年后，可进入法学、行政管理、社会工作（社会管理）专业学习,888.0
699,3010,796,24,护理学,非定向,2,539,0,4,7660,校本部,不招色盲色弱,1502.0
700,3013,562,25,法学,非定向,2,539,3,4,4400,主校区,,1502.0
701,3014,073,25,社会学类,非定向,1,575,1,4,5000,北京市海淀区,包含专业：社会学、社会政策,472.0
702,3018,981,25,法学,非定向,1,517,3,4,3800,红湖校区,国家级一流本科专业；教育部卓越法律人才教育培养基地。,2666.0
703,3019,442,25,行政管理,非定向,2,516,2,4,5300,临平校区,,2726.0
704,3021,003,25,社会学类,非定向,3,548,2,4,5000,丰台校区,包含专业：社会学、社会工作,1193.0
705,3022,875,25,新闻学,非定向,2,497,2,4,8000,哈尔滨市,,4071.0
706,3024,754,25,物流管理,非定向,15,468,1,4,4400,西校区,智慧物流方向实验班,6832.0
707,3032,877,25,金融学类,非定向,3,525,3,4,3500,校本部,包含专业：金融学、保险学、国际经济与贸易,2184.0
708,3048,005,25,汉语言文学,非定向,8,502,12,4,4000,银川,,3698.0
709,3053,160,25,法学,非定向,1,549,1,4,5000,校本部,,1162.0
710,3055,435,25,思想政治教育,非定向,2,556,2,4,5000,北京市,,942.0
711,3056,B02,25,公共事业管理,非定向,1,484,0,4,5000,长沙市,,5193.0
712,3063,170,25,外国语言文学类,非定向,7,539,5,4,5000,校本部,学生进校一年后，可进入英语、日语、德语专业学习,1502.0
713,3074,073,26,英语,非定向,1,551,0,4,5000,北京市海淀区,,1095.0
714,3080,281,26,翻译（英语）,非定向,1,535,2,4,6000,校本部,,1677.0
715,3082,003,26,民族学,非定向,2,548,2,4,5000,丰台校区,,1193.0
716,3083,875,26,广告学,非定向,2,481,1,4,8000,哈尔滨市,,5476.0
717,3088,035,26,外国语言文学类,非定向,4,537,0,4,4600,柳林校区,包含专业：英语、商务英语,1592.0
718,3091,877,26,工商管理类,非定向,4,525,4,4,4000,校本部,包含专业：工商管理、会计学、市场营销、人力资源管理,2184.0
719,3095,048,26,财务管理,非定向,1,511,1,4,4200,校本部,,3043.0
720,3100,005,26,新闻传播学类,非定向,4,472,2,4,4000,银川,包含专业：新闻学、传播学,6374.0
721,3102,160,26,英语,非定向,2,547,2,4,6000,校本部,,1216.0
722,3103,435,26,英语,非定向,2,519,2,4,5500,北京市,,2539.0
723,3104,B02,26,中医养生学,非定向,1,510,1,5,7500,长沙市,,3112.0
724,3108,289,26,公共管理类,非定向,4,567,5,4,4440,江安校区,拥有国家级一流本科专业建设点。包含专业：行政管理、劳动与社会保障、土地资源管理,634.0
725,3111,A69,26,工程造价,非定向,2,495,2,4,6600,,,4212.0
726,3122,049,26,工商管理类,非定向,2,540,2,4,5700,仙林校区,包含专业：会计学、财务管理、审计学、资产评估,1465.0
727,3127,073,27,传播学,非定向,1,551,2,4,5000,北京市海淀区,,1095.0
728,3134,837,27,中国语言文学类,非定向,2,529,2,4,4600,延吉校区,"第一学年末分流。汉语言专业只招朝鲜族考生,汉语言文学专业只招汉语答卷考生,含师范、非师范。包含专业：汉语言文学、汉语言、汉语国际教育",1963.0
729,3135,281,27,翻译（汉英法）,非定向,1,533,1,4,6000,校本部,,1777.0
730,3138,338,27,新闻学,非定向,1,489,1,4,5000,校本部,,4718.0
731,3139,003,27,历史学类,非定向,2,567,3,4,5000,丰台校区,包含专业：考古学、文物与博物馆学,634.0
732,3142,754,27,工商管理,非定向,53,468,35,4,4400,西校区,,6832.0
733,3150,551,27,外交学,非定向,1,488,0,4,4400,滨海校区,,4799.0
734,3154,046,27,英语,非定向,2,479,3,4,5400,校本部,,5673.0
735,3159,908,27,法学类,非定向,1,549,2,4,6000,校本部,按类招生。包含专业：法学、法学(英语特色班),1162.0
736,3161,005,27,民族学,非定向,4,472,3,4,4000,银川,,6374.0
737,3164,160,27,翻译,非定向,1,513,1,4,6000,校本部,,2918.0
738,3165,B02,27,中医康复学,非定向,1,518,3,5,7500,长沙市,,2604.0
739,3167,035,27,西班牙语,非定向,1,554,1,4,4600,柳林校区,,1008.0
740,3171,066,27,经济学类,非定向,2,550,2,4,4500,武汉市,包含专业：经济学、国际经济与贸易、经济统计学、农林经济管理(国家卓越农林人才计划)、农村区域发展,1127.0
741,3175,027,27,会计学,非定向,1,553,2,4,4660,南昌市,,1035.0
742,3180,049,27,人力资源管理,非定向,2,517,3,4,5200,仙林校区,,2666.0
743,3185,316,28,马克思主义理论,非定向,2,511,2,4,4600,河北省石家庄市,,3043.0
744,3186,837,28,法学,非定向,2,539,3,4,5280,延吉校区,,1502.0
745,3191,754,28,人力资源管理,非定向,36,468,21,4,4400,西校区,,6832.0
746,3196,035,28,公共管理类,非定向,2,538,2,4,4400,柳林校区,包含专业：行政管理、劳动与社会保障,1540.0
747,3201,551,28,国际组织与全球治理,非定向,1,509,1,4,4400,滨海校区,,3183.0
748,3206,046,28,日语,非定向,3,479,0,4,5400,校本部,,5673.0
749,3223,005,28,历史学,非定向,2,489,3,4,4000,银川,,4718.0
750,3226,B02,28,中医学（卓越2班、5+3一体化）,非定向,1,587,1,5,7500,长沙市,,274.0
751,3237,253,28,工商管理类,非定向,2,554,3,4,4500,校本部,包含专业：市场营销、财务管理、人力资源管理、工商管理、会计学、创业管理,1008.0
752,3238,702,28,法学类,非定向,2,559,3,4,5500,校本部,包含专业：法学、信用风险管理与法律防控,864.0
753,3242,027,29,会计学（注册会计师）,非定向,1,558,1,4,4660,南昌市,,888.0
754,3245,046,29,翻译,非定向,3,482,3,4,5400,校本部,,5380.0
755,3251,281,29,网络与新媒体,非定向,1,533,1,4,5000,校本部,,1777.0
756,3254,082,29,工商管理类,非定向,3,557,4,4,5000,校本部,包含专业：会计学、工商管理、市场营销、人力资源管理、物业管理,924.0
757,3265,801,29,英语,非定向,2,510,2,4,5980,沈阳蒲河校区,,3112.0
758,3272,278,29,建筑类,非定向,1,541,1,5,6600,北校区,包含专业：建筑学、城乡规划、风景园林,1432.0
759,3277,029,29,法学,非定向,4,524,4,4,5350,翠华西校区,,2250.0
760,3279,630,29,会计学,非定向,2,525,2,4,5060,七一路校区,,2184.0
761,3285,003,29,历史学,非定向,2,591,2,4,5000,丰台校区,50%符合条件的毕业生可保研,224.0
762,3290,066,29,工商管理类,非定向,9,542,10,4,4500,武汉市,包含专业：市场营销、人力资源管理、会计学、财务管理、工商管理,1399.0
763,3294,007,29,应用心理学,非定向,2,489,2,4,4500,校本部,,4718.0
764,3300,292,2A,社会科学试验班（含数字金融双学士学位项目）,非定向,2,617,0,4,5300,校本部,含金融学-数学与应用数学双学士学位项目。包含专业：经济学、财政学、金融学、国际经济与贸易、教育学、会计学、工商管理、社会学、农林经济管理、行政管理、劳动与社会保障、土地资源管理、法学,54.0
765,3304,L31,2A,中国少数民族语言文学,非定向,30,480,33,4,4620,北校区,蒙古语言文学,5564.0
766,3306,292,2B,社会科学试验班（竺可桢学院人文社科实验班）,非定向,2,619,8,4,5300,校本部,包含专业：经济学、财政学、金融学、国际经济与贸易、教育学、会计学、工商管理、社会学、农林经济管理、行政管理、劳动与社会保障、土地资源管理、法学,45.0
767,3313,751,2B,民族学,非定向,13,503,13,4,4620,北校区,,3612.0
768,3316,279,2C,工商管理（深圳）,非定向,2,598,5,4,6060,深圳校区,,154.0
769,3347,306,2H,工商管理类,非定向,3,489,3,4,6600,舜耕校区,包含专业：工商管理、会计学,4718.0
770,3353,306,2J,经济学类,非定向,3,510,3,4,6600,舜耕校区,包含专业：经济学、金融学,3112.0
771,3374,981,2P,汉语言文学,非定向,4,532,4,4,3100,红湖校区,国家级一流本科专业,1820.0
772,3397,B94,2X,商务英语,非定向,2,487,2,4,4400,日照校区,,4902.0
773,3404,062,30,金融学,非定向,3,534,5,4,6500,校本部主校区,,1728.0
774,3409,J78,30,国际经济与贸易（中外合作办学）,非定向,3,548,3,4,,北京市海淀区,学费国内每年8.8至9.5万元；如出国学习，合作院校将按留学生标准收取学费；详细信息请务必向国际学院咨询：010－62737793/4，http://icb.cau.edu.cn,1193.0
775,3414,875,30,考古学,非定向,2,512,2,4,5000,哈尔滨市,,2994.0
776,3422,630,30,财务管理,非定向,3,516,3,4,5060,七一路校区,,2726.0
777,3435,B02,30,中医儿科学,非定向,1,528,1,5,7500,长沙市,,2023.0
778,3437,003,30,教育学,非定向,2,569,2,4,5000,丰台校区,,596.0
779,3441,908,30,传播学,非定向,1,512,0,4,5300,校本部,,2994.0
780,3442,025,30,外国语言文学类（财经英语、财经翻译）,非定向,2,549,1,4,6000,按学校两校区建设规划和办学实际确定,包含专业：英语(财经英语)、翻译(财经翻译),1162.0
781,3443,927,30,新闻传播学类,非定向,3,479,2,4,4180,桂林洋校区,包含专业：新闻学、广播电视学,5673.0
782,3444,271,30,广播电视学,非定向,2,520,2,4,5500,杭州钱塘校区,,2482.0
783,3447,066,30,外国语言文学类,非定向,5,539,5,4,5850,武汉市,包含专业：英语、商务英语,1502.0
784,3455,754,31,会计学,非定向,5,519,14,4,4400,西校区,,2539.0
785,3459,J78,31,传播学（中外合作办学）,非定向,1,561,1,4,,北京市海淀区,学费国内每年8.8至9.5万元；如出国学习，合作院校将按留学生标准收取学费；详细信息请务必向国际学院咨询：010－62737793/4，http://icb.cau.edu.cn,797.0
786,3465,P45,31,国际商务,非定向,2,517,3,4,5500,校本部,,2666.0
787,3468,551,31,新闻传播学类,非定向,1,488,2,4,4400,滨海校区,包含专业：新闻学、传播学,4799.0
788,3478,752,31,民族学,非定向,14,470,5,4,4200,赛罕校区,,6623.0
789,3490,627,31,工商管理,非定向,2,511,2,4,5460,校本部,,3043.0
790,3493,B02,31,中医骨伤科学,非定向,1,529,1,5,7500,长沙市,,1963.0
791,3496,630,31,英语,非定向,2,487,1,4,5390,七一路校区,,4902.0
792,3499,162,31,法学,非定向,2,556,2,4,4500,校本部,,942.0
793,3505,908,31,英语,非定向,1,515,1,4,6000,校本部,要求高考外语成绩不低于115分,2798.0
794,3506,066,31,公共管理类,非定向,2,541,3,4,4500,武汉市,包含专业：土地资源管理、行政管理,1432.0
795,3507,L65,31,思想政治教育（招少数民族考生）,非定向,2,523,4,4,4500,校本部,,2319.0
796,3508,271,31,新闻学,非定向,1,517,1,4,4800,杭州钱塘校区,,2666.0
797,3511,086,31,会计学,非定向,1,555,2,4,5510,第一、二学年佛山校区，第三、四学年广州校区,,967.0
798,3515,702,32,汉语言文学,非定向,3,549,3,4,5300,校本部,,1162.0
799,3517,L10,32,会计学（中外合作办学）,非定向,43,479,55,4,18000,西校区,只录取有专业志愿的英语语种考生。,5673.0
800,3518,J78,32,农林经济管理（中外合作办学）,非定向,2,544,2,4,,北京市海淀区,学费国内每年8.8至9.5万元；出国学习期间合作院校将按留学生标准收取学费；详细信息请务必向国际学院咨询：010－62737793/4，http://icb.cau.edu.cn,1321.0
801,3530,551,32,网络与新媒体,非定向,1,506,1,4,4400,滨海校区,,3407.0
802,3536,942,32,翻译,非定向,1,497,0,4,5400,长安校区,,4071.0
803,3537,752,32,社会工作（师范类）,非定向,26,470,12,4,4200,赛罕校区,,6623.0
804,3551,935,32,中国语言文学类,非定向,3,553,3,4,4650,前湖校区,包含专业：汉语言文学、汉语国际教育,1035.0
805,3555,300,32,工商管理类,非定向,2,578,2,4,5800,校本部,含工商管理创新实验班；不招收单色识别不全考生。包含专业：工商管理、会计学,420.0
806,3558,003,32,汉语言文学,非定向,2,576,2,4,5000,丰台校区,,451.0
807,3560,LVL,32,会计学（ACCA方向）,非定向,1,554,1,4,14000,南昌市,英国特许注册会计师，涉及注册从业资格考试专业,1008.0
808,3562,052,32,公共管理类,非定向,2,492,2,4,4900,龙湖东校区,包含专业：行政管理、劳动与社会保障、土地资源管理,4471.0
809,3564,211,32,财务管理,非定向,3,521,3,4,6600,崂山校区,,2426.0
810,3574,754,33,财务管理,非定向,29,498,36,4,4400,西校区,,3994.0
811,3580,942,33,商务英语,非定向,1,522,1,4,5400,长安校区,,2367.0
812,3586,338,33,体育经济与管理,非定向,3,541,3,4,5000,校本部,不能准确识别红、黄、绿、兰、紫各种颜色中任何一种颜色的导线、按键、信号灯、几何图形者，不予录取,1432.0
813,3587,551,33,广告学,非定向,1,512,1,4,4400,滨海校区,,2994.0
814,3595,071,33,民族学,非定向,1,541,0,4,4000,北碚校区,,1432.0
815,3605,052,33,工商管理类,非定向,2,481,3,4,4900,龙湖东校区,包含专业：工商管理、市场营销、人力资源管理,5476.0
816,3608,253,33,外国语言文学类,非定向,3,516,0,4,4500,校本部,包含专业：英语、法语、日语,2726.0
817,3611,003,33,汉语国际教育,非定向,2,561,2,4,5000,丰台校区,,797.0
818,3619,162,33,行政管理,非定向,1,546,1,4,4500,校本部,,1254.0
819,3620,373,33,工商管理类,非定向,2,486,2,4,4200,西校区,包含专业：市场营销、财务管理、文化产业管理,5000.0
820,3621,908,33,日语,非定向,1,512,1,4,5300,校本部,要求高考外语成绩不低于115分,2994.0
821,3623,L65,33,社会学类（招少数民族考生）,非定向,4,500,2,4,4500,校本部,包含专业：社会学、社会工作,3851.0
822,3624,271,33,传播学,非定向,1,483,2,4,4800,杭州钱塘校区,,5295.0
823,3626,927,33,经济学类,非定向,2,506,2,4,4620,桂林洋校区,包含专业：经济学、税收学、金融学、国际经济与贸易,3407.0
824,3629,099,34,英语,非定向,6,472,7,4,4800,校本部,,6374.0
825,3633,049,34,旅游管理,非定向,4,487,2,4,5200,仙林校区,,4902.0
826,3635,754,34,审计学,非定向,32,502,41,4,4400,西校区,,3698.0
827,3638,035,34,汉语言文学（文创实验班）,非定向,1,568,1,4,4400,柳林校区,,611.0
828,3648,752,34,社会学（师范类）,非定向,26,470,21,4,4200,赛罕校区,,6623.0
829,3650,877,34,法学,非定向,2,546,2,4,4000,校本部,,1254.0
830,3656,935,34,新闻传播学类,非定向,3,533,3,4,4950,前湖校区,包含专业：新闻学、广播电视学、广告学,1777.0
831,3658,005,34,思想政治教育,非定向,3,486,6,4,4000,银川,,5000.0
832,3659,253,34,思想政治教育,非定向,1,519,2,4,4500,校本部,,2539.0
833,3660,003,34,新闻传播学类,非定向,3,564,3,4,5000,丰台校区,包含专业：新闻学、广告学、网络与新媒体,702.0
834,3664,229,34,国际经济与贸易,非定向,2,486,2,4,,滨海校区,实行学分制收费,5000.0
835,3665,L65,34,民族学（招少数民族考生）,非定向,2,500,1,4,免费,校本部,,3851.0
836,3670,099,35,日语,非定向,6,468,3,4,4800,校本部,,6832.0
837,3673,269,35,网络与新媒体,非定向,2,573,2,4,5000,北京,,511.0
838,3678,035,35,新闻学（数字传播实验班）,非定向,1,546,1,4,4400,柳林校区,,1254.0
839,3681,338,35,公共事业管理,非定向,1,489,1,4,5000,校本部,不能准确识别红、黄、绿、兰、紫各种颜色中任何一种颜色的导线、按键、信号灯、几何图形者，不予录取,4718.0
840,3689,295,35,公共管理类,非定向,2,495,2,4,5060,校本部,包含专业：公共事业管理、行政管理,4212.0
841,3696,062,35,物流管理,非定向,3,508,2,4,6500,校本部主校区,,3251.0
842,3699,621,35,经济学,非定向,3,475,2,4,4800,,大一在西山校区就读，后三年在校本部就读。,6063.0
843,3700,029,35,行政管理,非定向,2,495,3,4,5000,长安校区,,4212.0
844,3705,935,35,英语,非定向,2,493,2,4,4950,前湖校区,,4384.0
845,3706,627,35,旅游管理,非定向,3,486,3,4,5460,校本部,,5000.0
846,3707,253,35,新闻传播学类,非定向,1,551,1,4,4500,校本部,包含专业：广告学、网络与新媒体、汉语国际教育,1095.0
847,3712,148,35,汉语言文学,非定向,2,573,3,4,5280,崂山校区,,511.0
848,3716,378,35,法学,非定向,3,515,4,4,5460,泉州校区,国家级一流本科专业,2798.0
849,3720,702,36,英语,非定向,3,511,2,4,5300,校本部,,3043.0
850,3725,981,36,民族学,非定向,4,498,4,4,3100,红湖校区,,3994.0
851,3731,P45,36,英语,非定向,2,491,1,4,6200,校本部,,4557.0
852,3732,338,36,旅游管理,非定向,1,489,0,4,5000,校本部,,4718.0
853,3735,LF8,36,经济学（中外合作办学）,非定向,2,488,2,4,28000,马场道校区,,4799.0
854,3749,052,36,经济学类,非定向,2,498,2,4,4900,龙湖东校区,包含专业：经济学、国民经济管理、数字经济,3994.0
855,3750,253,36,法学类,非定向,2,551,3,4,4500,校本部,包含专业：法学、社会工作,1095.0
856,3751,L65,36,经济学类（招少数民族考生）,非定向,3,512,4,4,5850,校本部,包含专业：经济学、数字经济、金融学、国际经济与贸易,2994.0
857,3753,003,36,公共管理类,非定向,3,561,3,4,5000,丰台校区,包含专业：公共事业管理、行政管理,797.0
858,3757,229,36,财务管理,非定向,2,512,3,4,,滨海校区,实行学分制收费,2994.0
859,3759,378,36,中国语言文学类,非定向,2,516,2,4,5460,泉州校区,汉语言文学为国家级一流本科专业。包含专业：汉语言文学、应用语言学,2726.0
860,3762,099,36,俄语,非定向,6,468,5,4,5500,校本部,,6832.0
861,3770,837,37,工商管理类,非定向,2,514,2,4,4800,珲春校区,第一学年末分流。包含专业：工商管理、会计学、市场营销,2857.0
862,3789,L65,37,法学（招少数民族考生）,非定向,3,537,3,4,5850,校本部,,1592.0
863,3792,003,37,外国语言文学类,非定向,2,563,2,4,6000,丰台校区,包含专业：英语、翻译,737.0
864,3796,148,37,新闻传播学类,非定向,2,560,2,4,5280,崂山校区,包含专业：新闻学、网络与新媒体,826.0
865,3799,211,37,法学,非定向,2,518,3,4,5060,崂山校区,,2604.0
866,3803,510,38,新闻学,非定向,3,484,3,4,4800,校本部,,5193.0
867,3804,L65,38,中国语言文学类（招少数民族考生）,非定向,3,526,3,4,4500,校本部,包含专业：汉语言文学、汉语国际教育,2140.0
868,3808,981,38,新闻传播学类,非定向,1,489,1,4,3800,红湖校区,国家级一流本科专业。包含专业：广告学、新闻学,4718.0
869,3815,837,38,经济学类,非定向,2,507,2,4,4800,珲春校区,第一学年末分流。包含专业：经济学、国际经济与贸易,3321.0
870,3820,754,38,汉语言文学,非定向,86,491,126,4,4200,西校区,,4557.0
871,3828,621,38,工商管理类,非定向,2,512,2,4,4800,,大一在西山校区就读，后三年在校本部就读。包含专业：工商管理、会计学,2994.0
872,3837,148,38,法学,非定向,1,575,1,4,5280,崂山校区,,472.0
873,3838,021,38,国际经济与贸易,非定向,5,490,5,4,5200,金石滩校区,,4645.0
874,3841,911,38,农林经济管理,非定向,1,491,1,4,5200,扬州市,,4557.0
875,3845,271,38,广告学,非定向,1,520,1,4,4800,桐乡乌镇校区,,2482.0
876,3852,754,39,秘书学,非定向,39,469,45,4,4200,西校区,,6732.0
877,3855,202,39,国际经济与贸易,非定向,2,483,2,4,5100,校本部,,5295.0
878,3869,621,39,会计学,非定向,2,521,2,4,4800,,ACCA，每年培养费10000元。大一在西山校区就读，后三年在校本部就读。,2426.0
879,3877,478,39,工商管理类,非定向,3,512,3,4,5850,校本部,包含专业：市场营销、会计学、人力资源管理,2994.0
880,3879,229,39,法学类,非定向,3,530,4,4,,滨海校区,实行学分制收费。包含专业：法学、知识产权,1911.0
881,3880,211,39,广告学,非定向,2,497,1,4,4400,崂山校区,,4071.0
882,3888,192,3A,行政管理,非定向,4,513,6,4,5200,江浦校区,,2918.0
883,3908,329,3G,地理科学类,非定向,1,513,1,4,4940,江西省南昌市,包含专业：地理科学(师范)、地理信息科学,2918.0
884,3913,981,3J,俄语,非定向,1,489,0,4,3800,红湖校区,外语单科成绩不低于90分；国家级一流本科专业,4718.0
885,3921,LH6,3N,电子商务（中外合作办学）,非定向,5,568,5,4,60000,八里台校区,中法合作双学位，毕业时分别由南开大学授予电子商务本科学位，诺欧商学院授予国际商务专业本科学位。专业课使用全英文授课，大部分专业课程由法方国际师资讲授。目标是培养具备大数据商务分析能力的国际化商学精英。,611.0
886,3938,981,3V,酒店管理,非定向,1,489,0,4,3500,红湖校区,,4718.0
887,3946,911,3Y,汉语言文学（师范类）,非定向,1,549,1,4,5720,扬州市,,1162.0
888,3948,981,3Z,旅游管理,非定向,1,524,1,4,3500,红湖校区,国家级一流本科专业,2250.0
889,3953,083,40,工商管理类,非定向,10,528,12,4,3500,校本部,包含专业：工商管理、市场营销、会计学、农林经济管理,2023.0
890,3956,202,40,市场营销,非定向,2,475,1,4,5100,校本部,,6063.0
891,3961,L92,40,经济学（中外合作办学）,非定向,2,511,2,4,23000,珲春校区,与韩国崇实大学合作办学，培养金融学方向专业人才。宜英语考生报考。只招有专业志愿考生。,3043.0
892,3965,026,40,工商管理类,非定向,1,554,1,4,5720,校本部,会计学按普通会计学方向培养，学生大学二年级依据个人意愿、学习成绩、综合表现和学校相关规定在所录取专业类内确定专业。包含专业：会计学、财务管理、资产评估,1008.0
893,3968,942,40,会计学,非定向,1,510,2,4,5000,长安校区,,3112.0
894,3969,062,40,日语,非定向,2,508,1,4,6500,校本部主校区,,3251.0
895,3983,027,40,金融学,非定向,1,518,1,4,4660,南昌市,,2604.0
896,3989,083,41,经济学类,非定向,3,519,2,4,3300,校本部,包含专业：经济统计学、国际经济与贸易,2539.0
897,3999,754,41,行政管理,非定向,35,468,24,4,4400,西校区,,6832.0
898,4000,202,41,财务管理,非定向,1,514,1,4,5100,校本部,,2857.0
899,4012,752,41,汉语言文学（师范类）,非定向,119,513,142,4,4200,盛乐校区,,2918.0
900,4017,LM2,41,广播电视编导,非定向,8,518,8,4,12000,净月校区,艺术类专业。招有专业志愿考生，不接受专业调剂；授予艺术学学士学位。,2604.0
901,4018,148,41,政治学与行政学,非定向,2,567,2,4,5280,崂山校区,,634.0
902,4026,529,41,俄语,非定向,3,527,2,4,6000,北京,,2073.0
903,4027,229,41,英语,非定向,2,485,2,4,,滨海校区,实行学分制收费,5083.0
904,4036,083,42,法学,非定向,3,519,3,4,4000,校本部,,2539.0
905,4037,269,42,传播学（计算传播方向）,非定向,2,560,2,4,5000,北京,,826.0
906,4042,026,42,会计学（国际会计方向）,非定向,1,560,1,4,5720,校本部,,826.0
907,4043,278,42,法学,非定向,2,564,2,4,5500,北校区,,702.0
908,4058,630,42,社会工作,非定向,2,487,2,4,5060,七一路校区,,4902.0
909,4062,229,42,日语,非定向,2,478,0,4,,滨海校区,实行学分制收费；公共外语为日语（零起点）,5780.0
910,4067,502,42,国际经济与贸易,非定向,2,475,1,4,5200,通灌校区,,6063.0
911,4071,L65,42,工商管理类（招少数民族考生）,非定向,2,519,2,4,5850,校本部,包含专业：工商管理、会计学、财务管理、人力资源管理,2539.0
912,4078,083,43,政治学与行政学,非定向,3,519,3,4,3300,校本部,,2539.0
913,4079,374,43,标准化工程,非定向,2,519,2,4,5520,杭州市,,2539.0
914,4082,202,43,英语,非定向,2,505,2,4,5100,校本部,,3490.0
915,4085,278,43,公共管理类,非定向,1,524,0,4,5500,北校区,包含专业：公共事业管理、行政管理,2250.0
916,4089,621,43,法学类,非定向,4,525,4,4,4800,青义校区,包含专业：法学、知识产权,2184.0
917,4090,752,43,汉语国际教育（师范类）,非定向,41,487,48,4,4200,盛乐校区,,4902.0
918,4096,005,43,经济学类,非定向,8,481,9,4,4400,银川,包含专业：经济学、税收学、国际经济与贸易、金融学,5476.0
919,4104,L65,43,公共管理类（招少数民族考生）,非定向,3,510,3,4,4500,校本部,包含专业：行政管理、劳动与社会保障、土地资源管理,3112.0
920,4112,083,44,社会工作,非定向,2,519,1,4,4000,校本部,,2539.0
921,4116,202,44,广播电视学,非定向,3,475,4,4,5100,校本部,,6063.0
922,4122,942,44,旅游管理,非定向,1,500,1,4,5000,长安校区,,3851.0
923,4139,083,45,广告学,非定向,3,521,3,4,8000,校本部,,2426.0
924,4149,297,45,经济学类,非定向,6,574,7,4,6070,前卫南区,包含专业：经济学、财政学、国际经济与贸易、金融学,486.0
925,4150,278,45,新闻传播学类,非定向,1,545,1,4,5500,北校区,包含专业：新闻学、汉语言文学,1288.0
926,4152,288,45,日语,非定向,2,530,0,4,5200,蠡湖校区,,1911.0
927,4162,L65,45,教育学类（招少数民族考生）,非定向,5,500,5,4,4500,校本部,包含专业：教育学、教育技术学,3851.0
928,4164,027,45,经济统计学,非定向,1,539,1,4,4660,南昌市,,1502.0
929,4168,083,46,英语,非定向,2,519,2,4,4000,校本部,,2539.0
930,4178,297,46,法学,非定向,6,596,6,4,6070,前卫南区,,179.0
931,4179,288,46,法学,非定向,2,566,4,4,5200,蠡湖校区,,654.0
932,4180,B25,46,网络与新媒体,非定向,2,503,2,4,5400,未央校区,,3612.0
933,4187,148,46,会计学,非定向,2,577,2,4,6600,崂山校区,,434.0
934,4188,911,46,历史学（师范类）,非定向,1,519,1,4,5720,扬州市,,2539.0
935,4197,083,47,俄语,非定向,2,521,2,4,4000,校本部,,2426.0
936,4207,297,47,政治学与行政学,非定向,2,570,3,4,6070,前卫南区,按类招。含政治学与行政学、国际政治、行政管理,570.0
937,4210,288,47,社会工作,非定向,2,538,2,4,5200,蠡湖校区,,1540.0
938,4212,B25,47,工商管理类,非定向,2,507,2,4,5400,未央校区,包含专业：市场营销、物流管理、国际经济与贸易、人力资源管理、会计学,3321.0
939,4216,502,47,汉语言文学,非定向,2,505,2,4,5200,通灌校区,,3490.0
940,4218,276,47,工商管理类,非定向,2,562,2,4,5000,校本部,包含专业：工商管理、会计学、财务管理、电子商务、国际商务,771.0
941,4224,338,48,汉语言文学,非定向,1,546,2,4,5000,校本部,,1254.0
942,4229,711,48,中国语言文学类（文科初民试验班）,非定向,1,519,2,4,5175,坞城校区,包含专业：汉语言文学、历史学、哲学,2539.0
943,4233,621,48,中国语言文学类,非定向,5,520,6,4,4800,青义校区,包含专业：汉语言文学、汉语国际教育,2482.0
944,4238,148,48,市场营销,非定向,2,553,2,4,6600,崂山校区,,1035.0
945,4239,B00,48,国际商务,非定向,4,486,4,4,5000,湖南省长沙市,,5000.0
946,4241,324,48,经济学类,非定向,2,540,1,4,5850,武汉市,包含专业：经济学、国际经济与贸易、工商管理、人力资源管理、财务会计教育、经济学(法学经济学交叉班)、经济学(数学经济学交叉班),1465.0
947,4246,378,48,工商管理类,非定向,2,513,2,4,5460,泉州校区,国家级一流本科专业。包含专业：工商管理、市场营销、人力资源管理,2918.0
948,4249,502,48,新闻学,非定向,2,485,3,4,5200,通灌校区,,5083.0
949,4263,278,49,英语,非定向,1,543,2,4,5500,北校区,,1358.0
950,4271,357,49,工商管理类,非定向,2,533,2,4,5200,校本部,包含专业：会计学、财务管理、人力资源管理,1777.0
951,4272,935,49,旅游管理类,非定向,2,514,2,4,4950,前湖校区,包含专业：旅游管理、会展经济与管理,2857.0
952,4278,378,49,行政管理（数字政府治理、社会福利、公共危机管理方向）,非定向,3,491,2,4,5460,泉州校区,国家级一流本科专业,4557.0
953,4281,502,49,行政管理,非定向,3,486,3,4,5200,通灌校区,,5000.0
954,4282,439,49,俄语,非定向,3,528,3,4,5280,青岛,,2023.0
955,4291,911,4C,法学,非定向,2,547,2,4,5720,扬州市,,1216.0
956,4313,076,4T,护理学,非定向,2,503,1,4,4000,校本部,,3612.0
957,4319,127,4Y,物流管理,非定向,3,493,3,4,5200,西太湖校区,,4384.0
958,4321,A41,4Z,农林经济管理,非定向,1,512,1,4,5300,衣锦校区,,2994.0
959,4323,377,50,法学,非定向,2,557,3,4,6060,珠海校区,,924.0
960,4325,711,50,新闻传播学类,非定向,2,506,1,4,5175,坞城校区,包含专业：新闻学、广告学,3407.0
961,4326,054,50,旅游管理,非定向,1,471,0,4,3500,北校区,,6497.0
962,4337,229,50,投资学,非定向,1,490,1,4,,滨海校区,实行学分制收费,4645.0
963,4360,A41,51,国际经济与贸易,非定向,1,478,1,4,5300,衣锦校区,,5780.0
964,4362,B00,51,会计学,非定向,2,520,2,4,5000,湖南省长沙市,,2482.0
965,4364,357,51,供应链管理,非定向,2,499,2,4,5200,校本部,,3913.0
966,4368,071,51,工商管理类,非定向,1,553,1,4,4500,北碚校区,包含专业：工商管理、人力资源管理、会计学、旅游管理,1035.0
967,4375,377,52,文化产业管理,非定向,3,550,4,4,6060,珠海校区,,1127.0
968,4377,076,52,工商管理类,非定向,2,505,3,4,3200,校本部,包含专业：财务管理、工商管理、人力资源管理、市场营销,3490.0
969,4379,054,52,法学,非定向,2,518,4,4,4000,北校区,,2604.0
970,4389,752,52,新闻学,非定向,20,476,26,4,4600,赛罕校区,,5964.0
971,4394,237,52,外国语言文学类,非定向,5,539,5,4,4500,犀浦校区,包含专业：英语、翻译、日语、德语、法语,1502.0
972,4397,908,52,物流管理,非定向,1,531,1,4,5300,梅山校区,,1864.0
973,4403,502,52,英语,非定向,3,484,3,4,5200,通灌校区,,5193.0
974,4431,B00,53,金融学,非定向,2,507,3,4,5000,湖南省长沙市,,3321.0
975,4433,324,53,政治学类,非定向,2,540,2,4,5850,武汉市,包含专业：政治学与行政学、国际政治,1465.0
976,4439,378,53,经济学类（中美121双学位班，可接轨CFA金融分析师）,非定向,3,505,4,4,28000,泉州校区,只招收有专业志愿的考生。包含专业：金融学(全英文教学),3490.0
977,4440,071,53,农林经济管理,非定向,1,547,2,4,4500,北碚校区,,1216.0
978,4454,754,54,法学,非定向,65,502,93,4,4400,西校区,,3698.0
979,4462,B00,54,保险学,非定向,5,484,7,4,5000,湖南省长沙市,,5193.0
980,4465,378,54,工商管理类（中美121双学位班，可接轨ACCA国际注会）,非定向,3,491,2,4,28000,泉州校区,只招收有专业志愿的考生。包含专业：财务管理(全英文教学),4557.0
981,4476,301,55,行政管理,非定向,1,566,1,4,5500,长沙,,654.0
982,4482,754,55,知识产权,非定向,17,485,27,4,4400,西校区,,5083.0
983,4488,A41,55,法学,非定向,1,532,2,4,5300,衣锦校区,,1820.0
984,4503,076,56,小学教育（师范类）,非定向,2,507,2,4,3100,校本部,,3321.0
985,4507,042,56,旅游管理,非定向,3,478,0,4,,花津校区,,5780.0
986,4509,752,56,网络与新媒体,非定向,15,473,18,4,4600,赛罕校区,,6260.0
987,4512,026,56,旅游管理类,非定向,1,519,1,4,5200,校本部,学生大学二年级依据个人意愿、学习成绩、综合表现和学校相关规定在所录取专业类内确定专业。包含专业：旅游管理、酒店管理,2539.0
988,4513,197,56,国际经济与贸易,非定向,2,481,2,4,6600,校本部,,5476.0
989,4516,B00,56,外国语言文学类,非定向,1,488,2,4,4500,湖南省长沙市,包含专业：英语、翻译,4799.0
990,4520,529,56,劳动与社会保障,非定向,2,530,3,4,5000,北京,,1911.0
991,4524,301,56,城市管理,非定向,2,538,1,4,5500,长沙,,1540.0
992,4531,754,57,会计学,非定向,21,509,30,4,4400,西校区,智能会计方向班,3183.0
993,4534,450,57,会计学,非定向,3,507,3,4,5700,葫芦岛校区龙湾校园,,3321.0
994,4538,A41,57,英语,非定向,1,478,0,4,5300,衣锦校区,高考英语成绩要求不低于110分,5780.0
995,4546,591,58,公共管理类,非定向,2,515,2,4,4920,校本部,包含专业：行政管理、劳动与社会保障,2798.0
996,4557,A41,58,广告学,非定向,1,503,1,4,5300,东湖校区,,3612.0
997,4560,357,58,翻译,非定向,2,488,2,4,5200,校本部,,4799.0
998,4568,065,59,金融学,非定向,2,488,2,4,5000,校本部,,4799.0
999,4570,711,59,考古学,非定向,1,518,1,4,5175,坞城校区,,2604.0
1000,4575,450,59,法学,非定向,3,488,5,4,5200,阜新校区中华路校园,,4799.0
1001,4588,076,5B,法学,非定向,2,525,2,4,3100,校本部,,2184.0
1002,4592,B94,5B,教育学（师范类）,非定向,4,501,4,4,5280,曲阜校区,,3768.0
1003,4596,076,5E,应急管理,非定向,2,508,2,4,3100,校本部,,3251.0
1004,4600,753,5E,英语（英德复语）,非定向,40,468,2,4,4200,金川校区,英语单科成绩必须达到100分及以上,6832.0
1005,4616,409,5P,会计学,非定向,2,512,2,4,5200,江苏省镇江市,,2994.0
1006,4624,A41,5X,文化产业管理（茶文化）,非定向,1,482,1,4,5300,东湖校区,,5380.0
1007,4629,450,60,行政管理,非定向,2,486,1,4,5200,阜新校区中华路校园,,5000.0
1008,4634,B82,60,会计学,非定向,1,564,1,4,5510,丽湖校区,,702.0
1009,4642,752,61,法学,非定向,20,514,35,4,4200,赛罕校区,,2857.0
1010,4647,L72,61,工商管理（中外合作办学）（与英国萨里大学合作办学）,非定向,4,485,4,4,60000,校本部,只录取有专业志愿考生，要求考生外语成绩115分（含）以上，录取后首年强化英语学习，升入大二时要求英文水平必须能够适应全英文授课环境,5083.0
1011,4654,B00,61,旅游管理类,非定向,12,477,6,4,5000,湖南省长沙市,包含专业：旅游管理、酒店管理、会展经济与管理,5879.0
1012,4670,L72,62,财务管理（中外合作办学）（与英国萨里大学合作办学）,非定向,3,526,4,4,60000,校本部,只录取有专业志愿考生，要求考生外语成绩115分（含）以上，录取后首年强化英语学习，升入大二时要求英文水平必须能够适应全英文授课环境,2140.0
1013,4671,231,62,英语,非定向,1,512,1,4,5000,长安校区,,2994.0
1014,4672,071,62,行政管理,非定向,1,557,1,4,4500,北碚校区,,924.0
1015,4674,377,62,旅游管理,非定向,3,526,2,4,6060,深圳校区,,2140.0
1016,4675,237,62,公共事业管理,非定向,2,541,2,4,4500,九里校区,,1432.0
1017,4677,B00,62,法学,非定向,1,522,3,4,5000,湖南省长沙市,,2367.0
1018,4678,373,62,编辑出版学（韬奋实验班）,非定向,1,488,1,4,4200,主校区,,4799.0
1019,4686,752,63,思想政治教育（师范类）,非定向,45,508,59,4,4200,赛罕校区,,3251.0
1020,4690,L72,63,旅游管理（中外合作办学）（与英国萨里大学合作办学）,非定向,1,485,0,4,60000,校本部,只录取有专业志愿考生，要求考生外语成绩115分（含）以上，录取后首年强化英语学习，升入大二时要求英文水平必须能够适应全英文授课环境,5083.0
1021,4694,027,63,日语（商务方向）,非定向,1,515,1,4,4660,南昌市,,2798.0
1022,4697,373,64,数字出版,非定向,1,501,1,4,4200,主校区,,3768.0
1023,4700,450,64,财务管理,非定向,2,486,1,4,5200,阜新校区玉龙校园,,5000.0
1024,4710,269,64,市场营销,非定向,2,541,2,4,5000,北京,,1432.0
1025,4714,752,65,哲学,非定向,10,477,12,4,4200,赛罕校区,,5879.0
1026,4716,373,65,传播学（国际出版实验班）,非定向,1,518,1,4,4200,主校区,主干课程英文授课,2604.0
1027,4719,231,65,网络与新媒体,非定向,1,515,1,4,5000,长安校区,,2798.0
1028,4722,837,66,俄语,非定向,2,472,2,4,5060,延吉校区,,6374.0
1029,4737,296,67,农林经济管理,非定向,2,529,1,4,5500,甘肃兰州,,1963.0
1030,4738,752,67,马克思主义理论（师范类）,非定向,20,499,28,4,4200,赛罕校区,,3913.0
1031,4741,877,67,汉语国际教育,非定向,3,516,3,4,4500,校本部,,2726.0
1032,4745,231,67,市场营销,非定向,1,501,0,4,5000,雁塔校区,,3768.0
1033,4764,562,69,国际经济与贸易,非定向,1,487,0,4,4400,主校区,,4902.0
1034,4768,A99,69,教育学（师范类）,非定向,1,506,1,4,4000,湖南省湘潭市,,3407.0
1035,4769,231,69,财务管理,非定向,1,512,2,4,5000,雁塔校区,,2994.0
1036,4780,329,6Y,汉语言文学（师范类）,非定向,1,526,1,4,4380,江西省南昌市,,2140.0
1037,4790,761,70,思想政治教育（师范类）,非定向,19,487,26,4,4200,校本部,,4902.0
1038,4791,373,71,新闻学,非定向,1,518,1,4,4200,主校区,,2604.0
1039,4792,752,71,历史学（师范类）,非定向,60,501,75,4,4200,盛乐校区,,3768.0
1040,4794,293,71,人力资源管理,非定向,2,483,2,4,4500,校本部,,5295.0
1041,4802,627,72,戏剧影视文学,非定向,2,486,2,4,8640,校本部,授艺术学学士学位,5000.0
1042,4809,A99,72,小学教育（师范类）,非定向,1,501,1,4,4000,湖南省湘潭市,,3768.0
1043,4811,A99,73,经济学,非定向,2,507,3,4,5000,湖南省湘潭市,,3321.0
1044,4815,293,73,旅游管理（数字文旅）,非定向,2,468,1,4,4500,校本部,,6832.0
1045,4821,752,73,考古学,非定向,10,482,14,4,4200,盛乐校区,,5380.0
1046,4822,761,73,汉语言文学（师范类）,非定向,10,497,15,4,4200,校本部,,4071.0
1047,4834,A99,75,会计学,非定向,2,488,4,4,5000,湖南省湘潭市,,4799.0
1048,4836,752,75,文物与博物馆学,非定向,9,478,11,4,4200,盛乐校区,,5780.0
1049,4840,761,75,英语（师范类）,非定向,10,477,0,4,4200,校本部,英语成绩不低于115分，口语达到合格标准,5879.0
1050,4856,054,78,金融学类（金融学院）,非定向,2,478,3,4,4500,北校区,包含专业：金融学、金融工程、保险学、投资学,5780.0
1051,4859,761,79,历史学（师范类）,非定向,10,483,13,4,4200,校本部,,5295.0
1052,4863,054,79,工商管理类（商务学院）,非定向,3,480,4,4,5000,北校区,包含专业：工商管理、市场营销、人力资源管理、体育经济与管理,5564.0
1053,4868,H13,80,社会工作,非定向,1,515,1,4,5300,杭州,,2798.0
1054,4870,054,80,工商管理类（会计学院）,非定向,2,497,2,4,4600,北校区,包含专业：会计学、财务管理、审计学,4071.0
1055,4881,A99,81,人力资源管理,非定向,2,482,0,4,5000,湖南省湘潭市,,5380.0
1056,4886,282,81,德语（德语法学实验班）,非定向,1,613,1,4,5720,鼓楼校区,含双学士学位,72.0
1057,4892,A99,82,电子商务,非定向,2,482,0,4,5000,湖南省湘潭市,,5380.0
1058,4897,054,83,经济学类（经济学院）,非定向,3,491,3,4,4500,北校区,包含专业：经济学、经济统计学、数字经济,4557.0
1059,4906,054,84,财政学类（财政与公共管理学院）,非定向,2,491,2,4,4500,北校区,包含专业：财政学、税收学,4557.0
1060,4915,054,85,经济与贸易类（经济学院）,非定向,3,481,3,4,4500,北校区,包含专业：国际经济与贸易、贸易经济,5476.0
1061,4924,054,86,公共管理类（财政与公共管理学院）,非定向,3,477,4,4,3300,北校区,包含专业：行政管理、劳动与社会保障,5879.0
1062,4935,H13,88,汉语言文学,非定向,1,533,1,4,5300,杭州,,1777.0
1063,4936,632,88,金融学,非定向,4,478,5,4,5000,主校区,,5780.0
1064,4943,752,8A,工商管理（师范类）,非定向,10,470,6,4,4600,盛乐校区,,6623.0
1065,4945,752,8B,人力资源管理（师范类）,非定向,15,473,15,4,4600,盛乐校区,,6260.0
1066,4947,752,8C,会计学（师范类）,非定向,10,494,18,4,4600,盛乐校区,,4305.0
1067,4954,755,90,金融学,非定向,30,469,26,4,4400,校本部,,6732.0
1068,4956,752,91,行政管理,非定向,17,472,19,4,4600,盛乐校区,,6374.0
1069,4957,632,91,护理学,非定向,3,476,3,4,5200,主校区,,5964.0
1070,4958,755,91,经济学,非定向,35,469,31,4,4400,校本部,,6732.0
1071,4965,148,92,朝鲜语,非定向,3,521,2,4,5280,崂山校区,,2426.0
1072,4967,B82,92,英语,非定向,2,545,3,4,6230,粤海校区,,1288.0
1073,4972,755,93,财务管理,非定向,37,480,49,4,4400,校本部,,5564.0
1074,4973,632,93,助产学,非定向,3,476,2,4,5200,主校区,,5964.0
1075,4976,148,93,德语,非定向,2,521,1,4,5280,崂山校区,,2426.0
1076,4980,755,94,会计学,非定向,26,493,32,4,4400,校本部,,4384.0
1077,4981,148,94,法语,非定向,2,558,3,4,5280,崂山校区,,888.0
1078,4984,054,94,外国语言文学类（外语学院）,非定向,6,471,4,4,5000,北校区,包含专业：英语、商务英语,6497.0
1079,4987,752,94,公共事业管理（师范类）,非定向,20,470,10,4,4600,盛乐校区,,6623.0
1080,4990,A99,95,法学,非定向,3,524,4,4,5000,湖南省湘潭市,,2250.0
1081,4996,755,96,农林经济管理,非定向,25,469,16,4,4400,校本部,,6732.0
1082,5002,752,98,政治学与行政学（师范类）,非定向,40,496,55,4,4200,盛乐校区,,4144.0
1083,5005,A99,99,地理信息科学,非定向,2,506,2,4,5900,湖南省湘潭市,,3407.0
1084,5021,591,9Q,汉语言文学,非定向,2,552,2,4,4920,校本部,,1060.0
1085,5037,312,A0,金融学类（经济管理类）,非定向,6,572,6,4,5500,校本部,包含专业：国际经济与贸易、金融学、工商管理、会计学、行政管理,530.0
1086,5040,312,A1,法学类,非定向,6,583,7,4,5300,校本部,包含专业：社会学、法学,336.0
1087,5041,305,A1,中国语言文学类,非定向,2,611,3,4,4500,校本部,包含专业：汉语言文学、汉语国际教育,80.0
1088,5053,312,A2,中国语言文学类,非定向,6,576,6,4,5300,校本部,包含专业：汉语言文学、数字出版,451.0
1089,5054,293,A2,行政管理,非定向,2,484,2,4,4500,校本部,,5193.0
1090,5058,080,A2,旅游管理,非定向,2,502,2,4,5200,新庄校区,,3698.0
1091,5062,305,A3,外国语言文学类,非定向,2,578,1,4,4500,校本部,包含专业：英语、法语、德语、日语、西班牙语、俄语、翻译,420.0
1092,5067,312,A3,外国语言文学类,非定向,5,546,4,4,5300,校本部,包含专业：英语、法语、日语、西班牙语,1254.0
1093,5072,080,A4,新闻传播学类,非定向,2,523,2,4,5200,新庄校区,包含专业：广播电视学、广告学,2319.0
1094,5075,297,A4,经济学（国别与区域经济）,非定向,2,563,2,4,6070,前卫南区,,737.0
1095,5087,305,A6,经济学类,非定向,2,610,2,4,5850,校本部,包含专业：经济学、金融工程、国际经济与贸易、财政学、金融学(含国际金融试验班)、保险学(含精算试验班),86.0
1096,5090,B54,A6,中医学,非定向,1,568,1,5,7660,大一大二在顺德校区进行书院制培养，大三起在所属学院培养。,不招色盲色弱,611.0
1097,5092,305,A7,工商管理类,非定向,4,578,4,4,5850,校本部,包含专业：工程管理、市场营销、会计学、财务管理、人力资源管理、管理科学、工商管理(含战略与投资试验班)、物流管理(供应链运营方向试验班),420.0
1098,5095,761,A8,财务管理,非定向,13,477,9,4,4400,校本部,,5879.0
1099,5098,305,A8,政治学类,非定向,2,578,1,4,4500,校本部,包含专业：政治学与行政学、外交学,420.0
1100,5122,752,B1,英语（师范类）,非定向,100,470,49,4,4200,盛乐校区,英语口语达到合格标准，听力成绩要求12分及以上，英语成绩要求110分及以上,6623.0
1101,5123,277,B1,法学（英语）,非定向,2,575,2,4,6500,主校区,,472.0
1102,5127,321,B2,汉语言文学（师范类）,非定向,2,574,2,4,5810,自由校区,,486.0
1103,5129,D31,B2,汉语言文学（师范类）,非定向,2,572,3,4,4000,湖南长沙,含世承书院中国语言文学基地班。,530.0
1104,5134,305,B2,社会学（知行试验班）,非定向,2,579,3,4,4500,校本部,,403.0
1105,5141,752,B3,日语（师范类）,非定向,20,470,8,4,4200,盛乐校区,,6623.0
1106,5143,321,B3,历史学（师范类）,非定向,1,564,1,4,5810,自由校区,,702.0
1107,5149,321,B4,英语（师范类）,非定向,1,569,1,4,5810,自由校区,,596.0
1108,5155,752,B5,俄语（师范类）,非定向,14,470,3,4,4200,盛乐校区,,6623.0
1109,5160,A99,B5,应用心理学（师范类）,非定向,2,482,2,4,4000,湖南省湘潭市,,5380.0
1110,5171,B54,B8,护理学,非定向,2,489,2,4,7660,大一大二在顺德校区进行书院制培养，大三起在所属学院培养。,不招色盲色弱,4718.0
1111,5176,L61,B9,英语（只招少数民族）,非定向,7,474,7,4,4800,开发区校区,,6160.0
1112,5181,L61,C0,日语（只招少数民族）,非定向,9,468,6,4,4800,开发区校区,,6832.0
1113,5192,321,C1,教育学类（师范类）,非定向,1,563,1,4,6070,自由校区,包含专业：教育学、小学教育、学前教育,737.0
1114,5207,321,C3,经济学类,非定向,1,561,0,4,6070,净月校区,包含专业：金融学、会计学、人力资源管理、经济学、市场营销,797.0
1115,5212,219,C3,工商管理,非定向,4,510,4,4,4400,校本部,,3112.0
1116,5214,305,C4,新闻传播学类,非定向,2,602,2,4,5850,校本部,包含专业：新闻学、广播电视学、广告学、传播学,129.0
1117,5216,321,C4,马克思主义理论类,非定向,2,563,3,4,5810,自由校区,包含专业：思想政治教育、社会学、哲学,737.0
1118,5217,219,C4,会计学,非定向,2,519,2,4,4400,校本部,,2539.0
1119,5218,M31,C4,俄语,非定向,3,487,3,4,3800,克拉玛依校区,,4902.0
1120,5221,M31,C5,汉语言文学,非定向,2,516,2,4,3100,克拉玛依校区,,2726.0
1121,5223,305,C5,社会科学试验班（信息管理类）,非定向,3,578,2,4,4500,校本部,包含专业：图书馆学、档案学、电子商务、编辑出版学,420.0
1122,5224,219,C5,英语,非定向,4,514,4,4,5400,校本部,,2857.0
1123,5226,219,C6,日语,非定向,3,478,2,4,5400,校本部,,5780.0
1124,5229,305,C6,法学,非定向,2,612,3,4,5850,校本部,含法学、国际法,75.0
1125,5231,219,C7,法学,非定向,2,549,3,4,4400,校本部,,1162.0
1126,5233,219,C8,网络与新媒体,非定向,2,516,2,4,4400,校本部,,2726.0
1127,5234,B54,C9,外国语言文学类,非定向,1,498,1,4,6850,大一大二在顺德校区进行书院制培养，大三起在所属学院培养。,包含专业：翻译、英语(医学英语),3994.0
1128,5244,651,D1,教育学（师范类）,非定向,2,530,2,4,5280,济南市,学分制收费,1911.0
1129,5254,305,D2,人文科学试验班（弘毅学堂）,非定向,2,609,2,4,4500,校本部,包含专业：汉语言文学、历史学、哲学类(含哲学、国学),93.0
1130,5263,M31,D3,会计学,非定向,2,528,2,4,3200,克拉玛依校区,,2023.0
1131,5271,M31,D4,思想政治教育,非定向,2,515,2,4,3100,克拉玛依校区,,2798.0
1132,5285,L61,D8,国际经济与贸易（只招少数民族）,非定向,3,487,4,4,5200,金石滩校区,,4902.0
1133,5287,290,D9,人文科学试验班（法学新闻类）,非定向,2,576,2,4,5625,B区,包含专业：法学、新闻学、广播电视学、知识产权,451.0
1134,5288,290,DC,人文科学试验班（博雅类）,非定向,2,583,2,4,4500,A区,包含专业：汉语言文学、历史学、哲学,336.0
1135,5291,D31,E0,法学,非定向,6,562,8,4,5500,湖南长沙,,771.0
1136,5302,D31,E3,工商管理,非定向,2,526,1,4,5500,湖南长沙,,2140.0
1137,5321,D31,F0,行政管理,非定向,3,526,3,4,5500,湖南长沙,,2140.0
1138,5329,D31,F1,社会学,非定向,2,533,3,4,5300,湖南长沙,,1777.0
1139,5345,D31,F4,哲学,非定向,2,526,1,4,5300,湖南长沙,含世承书院哲学基地班。,2140.0
1140,5365,L30,G1,会计学（中外合作办学）,非定向,3,544,3,4,37000,净月校区,招有专业志愿考生，不接受专业调剂。,1321.0
1141,5371,277,G2,工商管理类（卓越管理人才计划）,非定向,1,548,1,4,6500,主校区,包含专业：工商管理(英语，企业数智化管理)、公共关系学(英语，新技术与融媒体管理)、财务管理(英语，智能会计与智慧财务)、市场营销(英语，大数据与智能营销),1193.0
1142,5381,837,G5,英语,非定向,2,521,2,4,5060,延吉校区,含师范、非师范，第一学年末分流。,2426.0
1143,5385,307,G8,历史学类,非定向,2,607,2,4,4800,北京校区,包含专业：历史学、考古学,103.0
1144,5390,D31,H0,旅游管理类,非定向,4,526,2,4,5500,湖南长沙,包含旅游管理、酒店管理、会展经济与管理。,2140.0
1145,5402,LN2,H2,财务管理（中外合作办学）,非定向,5,502,5,4,25000,校本部,,3698.0
1146,5405,LT1,H2,旅游管理（中外合作办学）,非定向,1,468,0,4,75000,海南陵水黎安国际教育创新试验区,此专业为高收费专业，教学地点在海南陵水黎安国际教育创新试验区，仅录取填报该专业志愿的考生，考生高考文化成绩须达到生源所在地省级招办划定的普通本科录取控制分数线（部分省市为一批线或一段线），且高考外语（仅限英语）成绩不得低于112分,6832.0
1147,5437,837,L1,日语,非定向,2,486,2,4,5060,延吉校区,零起点,5000.0
1148,5439,187,L2,社会科学试验班（公共管理与法律复合人才培养）,非定向,4,549,4,4,4400,清水河校区,包含专业：行政管理、城市管理、法学,1162.0
1149,5443,187,L3,外国语言文学类,非定向,4,519,4,4,4400,清水河校区,包含专业：英语、日语、法语、翻译,2539.0
1150,5452,201,M1,英语,非定向,1,497,1,4,5060,卫星路校区(主校区),,4071.0
1151,5453,201,M2,俄语,非定向,3,472,1,4,5060,卫星路校区(主校区),,6374.0
1152,5459,201,M5,翻译,非定向,2,472,0,4,4600,卫星路校区(主校区),,6374.0
1153,5483,201,N1,汉语言文学,非定向,2,522,6,4,5060,卫星路校区(主校区),,2367.0
1154,5486,144,N4,会计学,非定向,2,559,2,4,5720,,大一、大三、大四在南京相应校区学习，大二在常州校区学习,864.0
1155,5494,282,P4,社会科学试验班,非定向,2,613,2,4,5720,鼓楼校区,包含专业：法学、编辑出版学、社会学、社会工作、应用心理学、行政管理、劳动与社会保障、图书馆学、档案学、政治学与行政学、国际政治、信息管理与信息系统,72.0
1156,5496,144,Q1,法学,非定向,1,564,1,4,5720,,大一、大三、大四在南京相应校区学习，大二在常州校区学习,702.0
1157,5497,147,QE,农村区域发展,非定向,2,484,2,4,5460,金山校区,专业体检受限要求详见学校招生章程。,5193.0
1158,5499,B94,R2,政治学与行政学,非定向,6,505,6,4,5280,日照校区,,3490.0
1159,5521,D11,S1,教育学（师范类）,非定向,3,514,3,4,5460,仓山校区,,2857.0
1160,5522,144,S1,英语,非定向,2,542,2,4,5200,,大一、大三、大四在南京相应校区学习，大二在常州校区学习,1399.0
1161,5526,286,S2,社会科学试验班（新媒体运营与数据管理双主学位项目）,非定向,2,609,3,4,5000,北京市,信息资源管理学院和新闻学院联合建设，毕业获管理学、文学双主学士学位。包含专业：信息资源管理,93.0
1162,5528,286,S3,社会科学试验班（社会学与信管双主学位项目）,非定向,1,620,1,4,5000,北京市,信息资源管理学院和社会与人口学院联合建设，毕业获管理学、法学双主学士学位。包含专业：信息资源管理,42.0
1163,5530,286,S4,新闻传播学类（国际新闻全英文主辅修实验班）,非定向,1,621,1,4,5000,北京市,建议英语语种。新闻学院与外国语学院共同建设，毕业获文学学士学位和英语专业辅修专业证书。含国际新闻与传播,40.0
1164,5535,316,S7,教育学（师范类）,非定向,3,484,3,4,4600,河北省石家庄市,,5193.0
1165,5538,316,SA,历史学（师范类）,非定向,3,503,3,4,5060,河北省石家庄市,,3612.0
1166,5539,316,SD,汉语言文学（师范类）,非定向,2,533,3,4,5060,河北省石家庄市,,1777.0
1167,5547,942,T2,汉语言文学（师范类）,非定向,1,531,2,4,5000,长安校区,,1864.0
1168,5561,LP7,W2,财务管理（中外合作办学）,非定向,2,506,2,4,25000,滨海校区,与澳大利亚南十字星大学合作办学,3407.0
1169,5563,B18,W4,工商管理类,非定向,3,493,3,4,5600,大一大二科学城校区、后续学年南岸校区,包含专业：工商管理、会计学、市场营销,4384.0
1170,5564,B18,W7,外国语言文学类,非定向,3,488,2,4,6800,科学城校区,包含专业：英语、翻译,4799.0
1171,5565,B18,W8,新闻传播学类,非定向,3,492,4,4,6250,大一大二科学城校区、后续学年南岸校区,包含专业：广播电视学、广告学,4471.0
1172,5571,D31,Y2,新闻传播学类,非定向,2,548,2,4,6000,湖南长沙,包含新闻学、广告学、编辑出版学、网络与新媒体。,1193.0
